slug,kind,title_zh,hook_zh,steps_zh,tip_zh,avoid_zh,tags_zh
gimpo-arrival,info,金浦机场落地攻略,从虹桥/大兴/松山飞金浦的姐妹看这篇,1. 入境后在到达大厅 1 层办 T-money 卡(便利店有售)｜2. 机场铁路(AREX)直达弘大入口 20 分钟，9 号线到麻谷渡口 6 分钟｜3. 需要换钱去 2 层的银行柜台，或者直接用支付宝/微信(便利店和大部分咖啡厅都支持)｜4. 手机卡在到达大厅 SKT/KT 柜台，或提前在 Trip.com 买 eSIM,金浦比仁川小很多，落地到出门 30 分钟够了。,别在机场换太多现金，首尔刷卡和扫码几乎全覆盖。,金浦机场;首尔交通;韩国旅行攻略
tax-refund,info,首尔退税怎么退最省事,买 Olive Young 和买手店之前先看这篇,1. 单笔满 15000 韩元就能退，当场退税的店直接减价(看门口 Tax Free 标志)｜2. 没当场退的，机场退税机扫护照，10 万韩元以下自助搞定｜3. 超过 10 万韩元要去海关盖章，留 40 分钟｜4. 退到支付宝比退现金快,Olive Young 大部分门店支持当场退税，结账时出示护照就行。,别把要退税的东西托运，海关可能要看实物。,韩国退税;Olive Young;首尔购物攻略
reservation-apps,info,首尔排队和预约用什么 App,想去网红店又不想排一小时,1. CatchTable：远程取号，London Bagel Museum、大部分圣水网红店都用｜2. Naver 地图：看营业时间和是否休息，比 Google 准｜3. 美术馆(Leeum 等)官网提前 14 天预约｜4. Kakao T：打车，可绑外国卡,CatchTable 有英文版，注册用外国手机号即可。,别信 Google 地图的营业时间，韩国店经常临时休息，以 Naver 为准。,首尔预约;首尔排队;韩国旅行实用
jjimjilbang-etiquette,info,汗蒸幕第一次去怎么办,省一晚酒店钱，还能泡澡看电影,1. 前台付费领钥匙手环和汗蒸服，手环就是储物柜钥匙也是结账凭证｜2. 先在男女分开的浴区洗净再进汗蒸区(不洗不能进)｜3. 汗蒸区男女共用，穿汗蒸服，头巾折成羊角是标配｜4. 甜米露(식혜)和烤鸡蛋是固定搭配，用手环扫码结账｜5. 睡眠室是公共的，贵重物品放柜子,工作日晚上人少，周五周六睡眠室很满。,浴区严禁拍照，手机收好。,韩国汗蒸幕;首尔汗蒸;韩国旅行实用
life4cut-howto,info,人生四格怎么拍不翻车,韩国女生的固定流程，照着做一次就会,1. 进店先选相框(季节联名在门口海报)，机器基本都有英文界面｜2. 投币或刷卡，两人 4000-5000 韩元，选 4 格或 6 格｜3. 每张 8 秒倒计时，提前想好四个动作，最后一张通常做鬼脸｜4. 拍完在屏幕选滤镜和相框颜色，冷白皮滤镜是韩女最爱｜5. 扫二维码存原图，纸质照片打两份,弘大每 50 米一家，周末晚上排队，白天几乎不用等。,别在机器前化妆补妆太久，后面排队的人会不耐烦。,人生四格;弘大拍贴;首尔打卡
convenience-store-guide,info,韩国便利店落地第一天买什么,GS25、CU、7-11 到底有什么区别,1. T-money 交通卡在任何便利店都能买和充值，现金充值｜2. 香蕉牛奶、蜂蜜黄油薯片、限定软糖是三大伴手礼，机场店比市区贵｜3. 便利店都有微波炉和热水，泡面可以当场吃｜4. 支付宝和微信大部分门店能用，店员不会中文但会指给你看｜5. 满 15000 韩元问一句 tax free，部分门店当场退税,GS25 自有品牌零食最多，CU 联名最多，7-11 深夜最好找。,别买机场便利店的交通卡套装，比市区贵一倍。,韩国便利店;首尔购物;落地第一站
taxi-avoid,avoid,首尔打车避雷 5 条,下午两点别拦车，其他时间也先看这篇,1. 下午 2-4 点是司机交班时间，路边很难拦到，用 Kakao T 叫车｜2. 黑色模范出租车起步价高一档，普通白色/橙色够用｜3. 拒绝路边主动搭话的司机，尤其在明洞和弘大｜4. 司机推荐的餐厅和美妆店有返佣，礼貌拒绝｜5. 被多收钱记下车牌，扫车内二维码或打 1330(中文)举报,Kakao T 可以绑外国信用卡，上车前让司机看地址的韩文。,不要坐没有顶灯和计价器的车。,首尔打车;韩国旅行避雷;首尔交通
myeongdong-avoid,avoid,明洞这 4 件事别做,韩国女生几乎不去明洞，去了也只做两件事,1. 街上递过来的免费面膜别接，接了会被带进店推销整套｜2. 店员贴身跟着介绍的套装性价比最低，只买自己列好的清单｜3. 换钱只去挂牌汇率的换钱所，不在店里换｜4. 路边摊先问价再点，一份 5000 韩元以上就换一家,明洞只值得为 12 层大创和换钱所来一趟，逛完就走。,遇到强制消费直接打 1330，有中文服务。,明洞避雷;首尔购物避雷;韩国旅行避雷
daiso-beauty-draft,shopping,大创美妆 8 件｜Olive Young 之外,韩国女生在大创真的会买的,1. VT 微针精华(리들샷) 大创版，3000 韩元，敏感肌先试耳后｜2. 凡士林面膜 1000 韩元一片，蓝色保湿、绿色补水｜3. 固体香膏，包里放一个｜4. 胶囊面膜 500 韩元一颗｜5. 洗脸巾和搓澡布，韩式搓澡文化入门｜6. 人生四格专用相册｜7. 鱼板汤杯和迷你药果当零食伴手礼｜8. 指甲剪和小剪刀，韩国制的质量好,明洞站店 12 层最全，弘大和圣水也有分店。,大创货架换得快，看到就买，第二天可能没了。,韩国大创;Daiso美妆;首尔购物
