standard_whisky_name,channel,price,bundle_note,source_url,dailyshot_avg_price,onnuri_mentioned,overseas_url,checked_at,store_branch
Ballantine's 10 Year Old,,,,,48500,False,,2026-09-05 10:01:10,
Ballantine's 17 Year Old,,,,,132909,False,,2026-09-05 10:11:15,
Ballantine's 21 Year Old,,,,,227540,False,,2026-09-05 10:21:19,
Ballantine's Single Malt Glenburgie 12 Year Old,,,,,89316,False,,2026-09-05 10:31:23,
Ballantine's Single Malt Glenburgie 15 Year Old,,,,,113507,False,,2026-09-05 10:41:28,
Ballantine's Single Malt Glenburgie 18 Year Old,,,,,207738,False,,2026-09-05 10:51:32,
Ballantines 30,community,294000,,https://cafe.naver.com/whiskycognac/929094,568596,False,,2026-09-05 11:01:53,
Balvenie 16 Year Old French Oak,,,,,299250,False,,2026-09-05 11:11:58,
Balvenie Caribbean Cask 14 Year Old,,,,,178833,False,,2026-09-05 11:22:02,
Balvenie DoubleWood 12 Year Old,community,75000,,https://cafe.naver.com/whiskycognac/928971,134000,False,,2026-09-05 11:32:32,
Black & White,,,,,11900,False,,2026-09-05 11:42:37,
Black Circle MAX,,,,,,False,,2026-09-05 11:52:41,
Bunnahabhain 12 Year Old,,,,,86000,False,,2026-09-05 12:02:48,
Chivas Regal 12 Year Old,이마트,59800,,https://cafe.naver.com/whiskycognac/928781,51371,False,,2026-09-05 12:13:03,
Dewar's 12 Year Old,,,,,51075,False,,2026-09-05 12:23:08,
Dewar's Double Agent 16 Year Old,,,,,,False,,2026-09-05 12:33:13,
Glen Grant 15 Year Old Batch Strength,community,81400,,https://cafe.naver.com/whiskycognac/928291,128825,False,,2026-09-05 12:43:28,
Glenallachie 10 CS,,,,,295635,False,,2026-09-05 12:53:49,
Glenallachie 12,,,,,147961,False,,2026-09-05 13:03:54,
Glenallachie 15,트레이더스,159800,,https://cafe.naver.com/whiskycognac/928953,173391,False,,2026-09-05 13:15:44,일산
Glendronach 12,,,,,94580,False,,2026-09-05 13:25:48,
Glendronach 15,,,,,209600,False,,2026-09-05 13:36:02,
Glendronach House Editions The Parisian Room,,,,,,False,,2026-09-05 13:46:06,
Glendronach House Editions The Sevillian Room,,,,,,False,,2026-09-05 13:56:10,
Glendronach House Editions The Venetian Room,,,,,,False,,2026-09-05 14:06:21,
Glendronach Ode to the Dark,,,,,148000,False,,2026-09-05 14:16:24,
Glenfiddich 12 Year Old,,,,,85250,False,,2026-09-05 14:26:29,
Glenfiddich 15 Year Old,,,,,126557,False,,2026-09-05 14:36:44,
Glenfiddich 18 Year Old,,,,,210975,False,,2026-09-05 14:46:54,
Glenrothes 15 Year Old,,,,,165000,False,,2026-09-05 14:56:58,
Hibiki 12 Year Old,,,,,890000,False,,2026-09-05 15:07:30,
Hibiki Blender's Choice,,,,,,False,,2026-09-05 15:17:34,
Hibiki Japanese Harmony,,,,,169000,False,,2026-09-05 15:27:39,
Johnnie Walker Black Label,,,,,57580,False,,2026-09-05 15:37:49,
Johnnie Walker Blonde,,,,,41233,False,,2026-09-05 15:47:53,
Johnnie Walker Blue Label,community,265000,,https://cafe.naver.com/wisewhisky/219518,300513,False,https://cafe.naver.com/whiskycognac/928975,2026-09-05 15:58:40,
Johnnie Walker Blue Label,트레이더스,259000,,https://cafe.naver.com/whiskycognac/928675,300513,False,https://cafe.naver.com/whiskycognac/928975,2026-09-05 15:58:40,
Johnnie Walker Double Black,,,,,62757,False,,2026-09-05 16:08:49,
Johnnie Walker Gold Label,,,,,86870,False,,2026-09-05 16:18:54,
Johnnie Walker Red Label,,,,,31000,False,,2026-09-05 16:28:59,
Kavalan Solist Fino Sherry Single Cask Strength,,,,,469000,False,,2026-09-05 16:39:09,
Kavalan Solist Vinho Barrique Single Cask Strength,community,248220,,https://cafe.naver.com/whiskycognac/928241,437333,True,https://cafe.naver.com/whiskycognac/929057,2026-09-05 16:49:34,
Ki One,,,,,160611,False,,2026-09-05 16:59:39,
Lagavulin 16 Year Old,community,142000,,https://cafe.naver.com/whiskycognac/928245,142195,False,,2026-09-05 17:10:11,
Langs Blended Scotch Whisky,,,,,9990,False,,2026-09-05 17:20:16,
Laphroaig 25,,,,,3598000,False,,2026-09-05 17:30:25,
Macallan 12 Sherry Oak,,,,,369942,False,https://cafe.naver.com/whiskycognac/929038,2026-09-05 17:40:55,
Macallan Harmony Collection,,,,,,False,,2026-09-05 17:51:05,
Miraon Almost There,community,136000,,https://cafe.naver.com/whiskycognac/928186,,False,,2026-09-05 18:01:15,
Nikka From The Barrel,community,44720,. 가격 좋네요. 잔세트입니다. ﻿ ﻿ ﻿,https://cafe.naver.com/whiskycognac/928742,68675,False,,2026-09-05 18:11:25,
Nikka Frontier,,,,,43950,False,,2026-09-05 18:21:42,
Octomore 14.1,코스트코,319900,,https://cafe.naver.com/whiskycognac/928730,,False,,2026-09-05 18:32:23,
Royal Brackla 12 Year Old,,,,,105667,False,,2026-09-05 18:42:33,
Royal Salute 21,,,,,248710,False,,2026-09-05 18:52:38,
Suntory Kakubin,,,,,41133,False,,2026-09-05 19:02:42,
Teacher's Highland Cream,,,,,13900,False,,2026-09-05 19:12:47,
The Glenlivet 12 Year Old,community,79800,,https://cafe.naver.com/whiskycognac/929416,86611,False,,2026-09-05 19:22:58,
The Glenturret 12 Year Old (2025 Release),community,132000,,https://cafe.naver.com/wisewhisky/219547,155250,False,,2026-09-05 19:33:29,
The Singleton of Dufftown 15 Year Old,,,,,90600,False,,2026-09-05 19:43:34,
White Horse,community,11100,,https://cafe.naver.com/whiskycognac/929485,13550,False,,2026-09-05 19:53:44,
Writers' Tears 10 Year Old Cask Strength Batch 4,community,100000,,https://cafe.naver.com/whiskycognac/928198,,False,,2026-09-05 20:04:05,
Yamazaki 12 Year Old,,,,,405000,False,https://cafe.naver.com/wisewhisky/219574,2026-09-05 20:14:58,
Johnnie Walker Green Label,이마트,69800,그린라벨 잔세트,https://cafe.naver.com/whiskycognac/928996,81150.0,False,,2026-09-06 04:05:59,
Glendronach 15,트레이더스,139000,잔세트,https://cafe.naver.com/whiskycognac/929016,209300.0,False,,2026-09-06 04:05:59,천안
Talisker 10 Year Old,트레이더스,67800,,https://cafe.naver.com/whiskycognac/929016,85040.0,False,,2026-09-06 04:05:59,천안
Glenfiddich 15 Year Old,코스트코,98900,글렌캐런 노징 글라스 2개 증정,https://blog.naver.com/dudrms84/224400510540,120679,False,,2026-09-06 00:00:00,양재
Royal Brackla 12 Year Old,코스트코,82900,,https://blog.naver.com/dizzo_kim/224399262896,105667,False,,2026-09-06 00:00:00,고척
Chivas Regal 12 Year Old,이마트,39800,,https://blog.naver.com/whiskywikiw/224398877912,56600,False,,2026-09-06 00:00:00,자양
Johnnie Walker Double Black,이마트,52800,,https://blog.naver.com/whiskywikiw/224398877912,61754,False,,2026-09-06 00:00:00,자양
Johnnie Walker Black Label,이마트,47800,,https://blog.naver.com/whiskywikiw/224398877912,57710,False,,2026-09-06 00:00:00,자양
Glenfiddich 15 Year Old,이마트,104800,,https://blog.naver.com/whiskywikiw/224398877912,120679,False,,2026-09-06 00:00:00,자양
Ballantine's Single Malt Glenburgie 12 Year Old,이마트,64800,,https://blog.naver.com/whiskywikiw/224398877912,91064,False,,2026-09-06 00:00:00,자양
Talisker 10 Year Old,이마트,61800,,https://blog.naver.com/frankeykim/224401050070,85040,False,,2026-09-06 00:00:00,공덕
The Singleton of Dufftown 15 Year Old,이마트,79800,,https://blog.naver.com/frankeykim/224401050070,90600,False,,2026-09-06 00:00:00,공덕
Johnnie Walker Black Label,코스트코,44490,,https://blog.naver.com/rlaguseod/224398923162,57710,False,,2026-09-06 00:00:00,
Royal Salute 21,코스트코,204900,,https://blog.naver.com/dizzo_kim/224399262896,248710,False,,2026-09-06 00:00:00,고척
Ballantine's 21 Year Old,코스트코,186900,,https://blog.naver.com/dizzo_kim/224399262896,229378,False,,2026-09-06 00:00:00,고척
Johnnie Walker Blue Label,트레이더스,259800,,https://blog.naver.com/bliss_322/224400023536,312938,False,,2026-09-06 00:00:00,대구
Lagavulin 16 Year Old,코스트코,137900,,https://blog.naver.com/dizzo_kim/224399262896,151109,False,,2026-09-06 00:00:00,고척
Ballantine's 17 Year Old,코스트코,118900,,https://blog.naver.com/dizzo_kim/224399262896,137346,False,,2026-09-06 00:00:00,고척
Ballantine's 30 Year Old,community,259450,,https://cafe.naver.com/whiskycognac/932118,657754,False,,2026-09-11 18:20:39,
Balvenie 1931 Collection 12 Year Old,이마트,20000,,https://cafe.naver.com/wisewhisky/219733,,False,,2026-09-11 18:33:42,
Balvenie 1931 Collection 12 Year Old,community,55000,,https://cafe.naver.com/whiskycognac/932529,,False,,2026-09-11 18:33:42,
Balvenie 1931 Collection 12 Year Old,트레이더스,169800,,https://cafe.naver.com/whiskycognac/932576,,False,,2026-09-11 18:33:42,월계
Black Bottle,community,11000,,https://cafe.naver.com/whiskycognac/930008,47181,False,,2026-09-11 18:45:51,
Clynelish 14 Year Old,트레이더스,84800,,https://cafe.naver.com/whiskycognac/928800,105266,False,,2026-09-11 18:57:24,서면
Daftmill 2012 Summer,community,210000,,https://cafe.naver.com/whiskycognac/930708,365000,False,https://cafe.naver.com/whiskycognac/932566,2026-09-11 19:09:04,
Glenallachie 19 Solera Cask,community,290000,,https://cafe.naver.com/whiskycognac/928389,,False,,2026-09-11 19:20:41,
Glendronach 21 Parliament,트레이더스,458000,트레이더스 들려서 잔세트로 샀습니다. 15,https://cafe.naver.com/whiskycognac/932152,583325,True,,2026-09-11 19:32:28,들려서
Glenmorangie Signet,community,100000,,https://cafe.naver.com/whiskycognac/929924,420380,False,https://cafe.naver.com/whiskycognac/929815,2026-09-11 19:44:18,
Grant's 21 Year Old,,,,,,False,,2026-09-11 19:56:20,
Grant's Triple Wood,,,,,,False,,2026-09-11 20:07:39,
Hazelburn (Unspecified),,,,,550000,False,,2026-09-11 20:19:03,
Hazelburn 10 Year Old,,,,,360000,False,,2026-09-11 20:30:25,
Hibiki 21 Year Old,,,,,1774800,False,,2026-09-11 20:42:01,
Hibiki Chiso Edition,,,,,,False,,2026-09-11 20:54:40,
Kilkerran 16 Year Old,,,,,360000,False,,2026-09-11 21:06:18,
Kilkerran 8 Year Old Bourbon Cask Cask Strength,,,,,392666,False,,2026-09-11 21:17:35,
Kilkerran 8 Year Old Sherry Cask Cask Strength,,,,,420000,False,,2026-09-11 21:28:51,
Laphroaig 10,,,,,159310,False,https://cafe.naver.com/wisewhisky/219682,2026-09-11 21:40:38,
Macallan 12 Year Old Sherry Oak,community,20000,,https://cafe.naver.com/whiskycognac/932577,,False,,2026-09-11 21:52:19,
Macallan 18 Year Old,community,990000,,https://cafe.naver.com/whiskycognac/931942,1090000,False,,2026-09-11 22:04:21,
Macallan 18 Year Old,이마트,458000,,https://cafe.naver.com/whiskycognac/930561,1090000,False,,2026-09-11 22:04:21,
Midai Black,,,,,,False,,2026-09-11 22:15:35,
Nomad Outland Whisky,,,,,65866,False,,2026-09-11 22:27:09,
Springbank 10 Year Old,,,,,1051142,False,https://cafe.naver.com/whiskycognac/931250,2026-09-11 22:39:07,
Springbank 12 Year Old Cask Strength Batch 20,,,,,,False,https://cafe.naver.com/whiskycognac/932522,2026-09-11 22:50:41,
Springbank 15 Year Old,community,310000,,https://cafe.naver.com/wisewhisky/219497,539000,False,https://cafe.naver.com/whiskycognac/932474,2026-09-11 23:02:35,
Springbank 18 Year Old,,,,,1070000,False,https://cafe.naver.com/whiskycognac/932232,2026-09-11 23:15:25,
Ballantine's Master's,,,,,66016,False,,2026-09-11 23:20:17,
Balvenie Single Barrel 12 Year Old,community,108000,,https://cafe.naver.com/whiskycognac/932785,155360,False,,2026-09-11 23:32:42,
Chivas Regal 18 Year Old,,,,,132159,False,https://cafe.naver.com/whiskycognac/930296,2026-09-11 23:44:09,
Macallan 12 Year Old Double Cask,community,80000,,https://cafe.naver.com/whiskycognac/930506,131360,False,,2026-09-11 23:56:24,
Macallan 18 Sherry Oak,,,,,1366333,False,,2026-09-12 00:08:10,
Suntory Old Whisky,,,,,64900,False,,2026-09-12 00:19:49,
The Glenlivet 15 Year Old,,,,,245250,False,,2026-09-12 00:31:21,
Yamazaki 18 Year Old,community,230000,,https://cafe.naver.com/whiskycognac/932845,1484000,False,https://cafe.naver.com/whiskycognac/932855,2026-09-12 00:43:10,
