standard_whisky_name,korean_name
Balvenie DoubleWood 12 Year Old,발베니 더블우드 12년
Balvenie (Unspecified),발베니
Balvenie Caribbean Cask 14 Year Old,발베니 캐리비안캐스크 14년
Balvenie 16 Year Old French Oak,발베니 프렌치오크 16년
Balvenie PortWood 21 Year Old,발베니 포트우드 21년
Balvenie PX Cask 18 Year Old,발베니 PX캐스크 18년
Miraon Almost There,미라온 올모스트 데어
Kavalan Single Malt Whisky,카발란 싱글몰트
Kavalan (Unspecified),카발란
Glendronach 12,글렌드로낙 12년
Glendronach 15,글렌드로낙 15년
Glendronach 18,글렌드로낙 18년
Glendronach 21 Parliament,글렌드로낙 21년 팔러먼트
Glendronach (Unspecified),글렌드로낙
Glendronach Ode to the Dark,글렌드로낙 오드투더다크
Wild Turkey 101,와일드터키 101
Johnnie Walker Blue Label,조니워커 블루라벨
Johnnie Walker Black Label,조니워커 블랙라벨
Laphroaig 10,라프로익 10년
Laphroaig 15,라프로익 15년
Laphroaig 25,라프로익 25년
Laphroaig (Unspecified),라프로익
Ardbeg 10,아드벡 10년
Ardbeg 10 Cask Strength,아드벡 10년 캐스크스트렝스
Ardbeg Uigeadail,아드벡 우가달
Ardbeg Corryvreckan,아드벡 코리브레칸
Ardbeg Wee Beastie,아드벡 위비스티
Ardbeg (Unspecified),아드벡
Glenallachie 12,글렌알라키 12년
Glenallachie 15,글렌알라키 15년
Glenallachie 10 CS,글렌알라키 10년 캐스크스트렝스
Glenallachie 19 Solera Cask,글렌알라키 19년 솔레라캐스크
Glenallachie (Unspecified),글렌알라키
Glenfarclas 25 Year Old,글렌파클라스 25년
Glenfarclas (Unspecified),글렌파클라스
Springbank (Unspecified),스프링뱅크
Springbank 15 Year Old,스프링뱅크 15년
Tamnavulin,탐나불린
Bruichladdich (Unspecified),브룩라디
Glenmorangie (Unspecified),글렌모렌지
Macallan 12 Sherry Oak,맥캘란 12년 셰리오크
Macallan 12 Year Old (Unspecified),맥캘란 12년
Glenfiddich 12 Year Old,글렌피딕 12년
Yamazaki Distiller's Reserve,야마자키 NAS
Yamazaki,야마자키
Hibiki Japanese Harmony,히비키 재패니즈하모니
1792 Full Proof Single Barrel Stopper Package,1792 풀프루프 싱글배럴 스토퍼 패키지
Aberfeldy 12 Year Old,애버펠디 12년
Aberfeldy 16 Year Old,애버펠디 16년
Aberlour (Unspecified),아벨라워
Aberlour 12 Year Old,아벨라워 12년
Aberlour 12 Year Old Double Cask Matured,아벨라워 12년 더블캐스크
Aberlour 14 Year Old,아벨라워 14년
Aberlour 16 Year Old,아벨라워 16년
Aberlour A'bunadh,아벨라워 아부나흐
Aberlour A'bunadh Batch 74,아벨라워 아부나흐 배치 74
Akkeshi (Unspecified),앗케시
Almost There (Unspecified),올모스트 데어
Amahagan World Malt (Unspecified),아마하간 월드 몰트
Angel's Envy Bourbon,엔젤스 엔비 버번
Angel's Envy 10 Year Old Cask Strength,엔젤스 엔비 10년 캐스크스트렝스
Angel's Envy Port Cask Finish,엔젤스 엔비 포트캐스크
Ardnamurchan (Unspecified),아드나머칸
Arran (Unspecified),아란
Arran 10 Year Old,아란 10년
Arran Machrie Moor Cask Strength,아란 마크리 무어 캐스크스트렝스
Arran Quarter Cask,아란 쿼터캐스크
Arran Sauternes Cask Finish,아란 소테른 캐스크피니시
Arran Sherry Cask,아란 셰리캐스크
Auchentoshan (Unspecified),오켄토션
Auchentoshan American Oak,오켄토션 아메리칸 오크
Aultmore (Unspecified),올트모어
Aultmore 12 Year Old,올트모어 12년
Aultmore 18 Year Old,올트모어 18년
Aultmore 25 Year Old,올트모어 25년
Ballantine's 10 Year Old,발렌타인 10년
Ballantine's 15 Year Old,발렌타인 15년
Ballantine's 17 Year Old,발렌타인 17년
Ballantine's 21 Year Old,발렌타인 21년
Ballantine's 23 Year Old,발렌타인 23년
Ballantine's 30 Year Old,발렌타인 30년
Ballantine's Master's,발렌타인 마스터즈
Ballantine's Single Malt Glenburgie 12 Year Old,발렌타인 싱글몰트 글렌버기 12년
Ballantine's Single Malt Glenburgie 15 Year Old,발렌타인 싱글몰트 글렌버기 15년
Ballantine's Single Malt Glenburgie 18 Year Old,발렌타인 싱글몰트 글렌버기 18년
Ballantines (Unspecified),발렌타인
Ballantines 30,발렌타인 30년
Balvenie 12 Year Old The Sweet Toast of American Oak,발베니 12년 아메리칸 오크 스위트 토스트
Balvenie 13 Year Old Moscatel Cask Taiwan Exclusive,발베니 13년 모스카텔 캐스크 대만 익스클루시브
Balvenie 15,발베니 15년
Balvenie 18,발베니 18년
Balvenie 1988,발베니 1988
Balvenie Daniel Arsham,발베니 다니엘 아샴
Balvenie Home Malt 12 Year Old,발베니 홈 몰트 12년
Balvenie 12 Year Old Golden Cask,발베니 12년 골든 캐스크
Balvenie 14 Year Old Golden Cask,발베니 14년 골든 캐스크
Balvenie Madeira Cask 15 Year Old,발베니 마데이라 캐스크 15년
Balvenie Single Barrel (Unspecified),발베니 싱글 배럴
Balvenie Single Barrel 12 Year Old,발베니 싱글 배럴 12년
Balvenie TUN 1509 Batch 6,발베니 턴 1509 배치 6
Balvenie Tasting Class,발베니 테이스팅 클래스
Balvenie Teaspooned (Unspecified),발베니 티스푼드
Balvenie The Creation of a Classic,발베니 크리에이션 오브 어 클래식
Bankhall Single Malt,뱅크홀 싱글 몰트
Basil Hayden's (Unspecified),배질 헤이든
Ben Nevis 12 Year Old (The Whisky Tales),벤네비스 12년 (위스키 테일즈)
BenRiach The Original 10 Year Old,벤리아크 오리지널 10년
Benriach (Unspecified),벤리아크
Benriach 12 Year Old,벤리아크 12년
Benromach (Unspecified),벤로맥스
Benromach 10 Year Old,벤로맥스 10년
Benromach 12 Year Old,벤로맥스 12년
Benromach 15 Year Old,벤로맥스 15년
Benromach 21 Year Old,벤로맥스 21년
Benromach Cask Strength (Unspecified),벤로맥스 캐스크 스트렝스
Black & White,블랙 앤 화이트
Black Circle (Unspecified),블랙 서클
Black Circle MAX,블랙 서클 맥스
Black Nikka Rich Blend,블랙 닛카 리치 블렌드
Black Nikka Special,블랙 닛카 스페셜
Bladnoch 16 Year Old Oloroso Sherry Cask,블라드녹 16년 올로로소 셰리 캐스크
Blair Athol (Unspecified),블레어 아톨
Blanton's (Unspecified),블랑톤
Blanton's Gold,블랑톤 골드
Blanton's Master Class Single Barrel,블랑톤 마스터 클래스 싱글 배럴
Blanton's Single Barrel,블랑톤 싱글 배럴
Blanton's Straight From The Barrel,블랑톤 스트레이트 프롬 더 배럴 (SFTB)
Booker's (Unspecified),부커스
Booker's 2026-01E,부커스 2026-01E
Bowmore (Unspecified),보모어
Bowmore 12 Year Old,보모어 12년
Bowmore 15 Year Old,보모어 15년
Bowmore 16 Year Old Ruby Port,보모어 16년 루비 포트
Bowmore 18 Year Old,보모어 18년
Bowmore 21 Year Old Aston Martin Masters Selection,보모어 21년 애스턴 마틴 마스터즈 셀렉션
Braeval The Whisky Agency,브래발 위스키 에이전시
Buffalo Trace (Unspecified),버팔로 트레이스
Bulleit Bourbon 10 Year Old,불렛 버번 10년
Bulleit Rye,불렛 라이
Bunnahabhain (Unspecified),부나하벤
Bunnahabhain 12 Year Old,부나하벤 12년
Bushmills (Unspecified),부쉬밀
Cadenhead's (Unspecified),케덴헤드
Cadenhead's An Orkney 6 Year Old,케덴헤드 오크니 6년
Campbeltown Loch,캠벨타운 로크
Canadian Club (Unspecified),캐나디안 클럽
Caol Ila (Unspecified),쿨일라
Caol Ila 12 Year Old,쿨일라 12년
Chivas Regal (Unspecified),시바스 리갈
Chivas Regal 12 Year Old,시바스 리갈 12년
Chivas Regal 13 Year Old,시바스 리갈 13년
Chivas Regal 13 Year Old Mizunara,시바스 리갈 13년 미즈나라
Chivas Regal 15 Year Old,시바스 리갈 15년
Chivas Regal 18 Year Old,시바스 리갈 18년
Chivas Regal 18 Year Old Mizunara,시바스 리갈 18년 미즈나라
Chivas Regal Mizunara,시바스 리갈 미즈나라
Clubman Reserve (Unspecified),클럽맨 리저브
Clydebuilt 12 Year Old Sherry Cask 100 Proof,클라이드빌트 12년 셰리 캐스크 100 프루프
Clynelish (Unspecified),클라인리시
Clynelish 14 Year Old,클라인리시 14년
Compass Box (Unspecified),컴패스 박스
Cooley (Unspecified),쿨리
Cutty Sark (Unspecified),커티샥
Cutty Sark Prohibition Edition,커티샥 프로히비션
Daftmill 2011 Winter Batch,다프트밀 2011 윈터 배치
Dalmore (Unspecified),달모어
Dalmore 13 Year Old,달모어 13년
Dalmore 16 Year Old,달모어 16년
Dalmore Cigar Malt Reserve,달모어 시가 몰트 리저브
Dalmore King Alexander III,달모어 킹알렉산더 3세
Dalwhinnie 15 Year Old,달위니 15년
Deanston (Unspecified),딘스톤
Dewar's (Unspecified),듀어스
Dewar's 12 Year Old,듀어스 12년
Dewar's 18 Year Old,듀어스 18년
Dewar's Double Agent 16 Year Old,듀어스 더블 에이전트 16년
Dewar's Double Double 21 Year Old,듀어스 더블더블 21년
Dewar's White Label,듀어스 화이트라벨
Dufftown 12 Year Old,더프타운 12년
Eagle Rare (Unspecified),이글레어
Eagle Rare 10 Year Old,이글레어 10년
Early Times,얼리 타임즈
Edradour (Unspecified),에드라두어
Edradour 12 Year Old Oloroso Sherry Butts,에드라두어 12년 올로로소 셰리 버트
Edradour 12 Year Old Oloroso Sherry Butts Batch 7,에드라두어 12년 올로로소 셰리 버트 배치 7
Edradour No.2 Inaugural Release 7 Year Old,에드라두어 NO.2 이노구럴 릴리즈 7년
Elements of Islay (Unspecified),엘리먼츠 오브 아일라
Elements of Islay Peat,엘리먼츠 오브 아일라 피트
Elgin Cask (Unspecified),엘긴 캐스크
Elijah Craig Straight Rye,일라이자 크레이그 스트레이트 라이
Evan Williams Black,에반 윌리엄스 블랙
Fercullen (Unspecified),퍼컬렌
Fettercairn (Unspecified),페터케언
Finlaggan Cask Strength,핀라간 캐스크 스트렝스
Four Roses (Unspecified),포로지스
Four Roses Single Barrel,포로지스 싱글배럴
Fuji Single Malt,후지 싱글몰트
George Remus (Unspecified),조지 레무스
Gillie Dhu Whisky (Unspecified),질리 두
Gillies More Scotch Whisky,길리즈 모어
Glen Ciel,글렌 씰
Glen Garioch 15 Year Old,글렌가리오흐 15년
Glen Garioch 15 Year Old Cask Strength,글렌가리오흐 15년 캐스크 스트렝스
Glen Grant (Unspecified),글렌그란트
Glen Grant 10 Year Old,글렌그란트 10년
Glen Grant 12 Year Old,글렌그란트 12년
Glen Grant 15 Year Old Batch Strength,글렌그란트 15년 배치 스트렝스
Glen Grant 18 Year Old,글렌그란트 18년
Glen Grant Arboralis Cask Strength,글렌그란트 아보랄리스 캐스크 스트렝스
Glen Moray,글렌모레이
Glen Scotia 12 Year Old,글렌스코시아 12년
Glen Scotia Double Cask,글렌스코시아 더블캐스크
Glen Scotia Victoriana,글렌스코시아 빅토리아나
Glen Scotia Victoriana Cask Strength,글렌스코시아 빅토리아나 캐스크 스트렝스
GlenDronach 200th Anniversary Boynsmill House Edition 14 Year Old,글렌드로낙 200주년 보인스밀 하우스 14년
Glenallachie 17,글렌알라키 17년
Glenallachie 18,글렌알라키 18년
Glenallachie 25,글렌알라키 25년
Glenallachie 8,글렌알라키 8년
Glenallachie 9 Year Old,글렌알라키 9년
Glencadam (Unspecified),글렌카담
Glencadam 15 Year Old,글렌카담 15년
Glendronach 1993 30 Year Old,글렌드로낙 1993 30년
Glendronach Cask Strength (Unspecified),글렌드로낙 캐스크 스트렝스
Glenfarclas 10 Year Old Cask Strength,글렌파클라스 10년 캐스크 스트렝스
Glenfarclas 105,글렌파클라스 105
Glenfarclas 12 Year Old,글렌파클라스 12년
Glenfarclas 15 Year Old,글렌파클라스 15년
Glenfiddich (Unspecified),글렌피딕
Glenfiddich 14 Year Old Bourbon Barrel,글렌피딕 14년 버본 배럴
Glenfiddich 14 Year Old Bourbon Barrel Reserve,글렌피딕 14년 버본 배럴 리저브
Glenfiddich 15 Solera,글렌피딕 15년 솔레라
Glenfiddich 15 Year Old,글렌피딕 15년
Glenfiddich 16 Year Old Aston Martin F1 Limited Edition Release 2,글렌피딕 16년 애스턴 마틴 F1 한정판 릴리즈 2
Glenfiddich 18 Year Old,글렌피딕 18년
Glenfiddich 21 Gran Reserva,글렌피딕 21년 그란 레세르바
Glenfiddich 22 Gran Cortes,글렌피딕 22년 그란 코르테스
Glenfiddich 26 Grand Couronne,글렌피딕 26년 그랑 쿠론
Glenfiddich 30,글렌피딕 30년
Glenfiddich Gran Reserva 21 Year Old,글렌피딕 그란 레세르바 21년
Glenfiddich Grand Cortes,글렌피딕 그랑 코르테스
Glenfiddich Perpetual Collection,글렌피딕 퍼페추얼 컬렉션
Glenglassaugh Sandend,글렌글라사 샌드엔드
Glengoyne (Unspecified),글렌고인
Glengoyne 10 Year Old,글렌고인 10년
Glengoyne 30 Year Old,글렌고인 30년
Glenmorangie 10 Year Old Original,글렌모렌지 10년 오리지널
Glenmorangie Lasanta 12 Year Old,글렌모렌지 라산타 12년
Glenmorangie Quinta Ruban 14 Year Old,글렌모렌지 퀸타 루반 14년
Glenmorangie Signet,글렌모렌지 시그넷
Glenmorangie The Nectar 16 Year Old,글렌모렌지 넥타 16년
Glenmorangie The Original 12 Year Old,글렌모렌지 오리지널 12년
Glenrothes (Unspecified),글렌로데스
Glenrothes 15 Year Old,글렌로데스 15년
Glenturret (Unspecified),글렌터렛
Glenturret 15 Year Old,글렌터렛 15년
Gold Win Whisky,골드윈 위스키
Gordon & MacPhail (Unspecified),고든앤맥페일
Grant's Triple Wood,그랜트 트리플 우드
Hakkushu 18 Year Old,하쿠슈 18년
Hakushu (NAS),하쿠슈 NAS
Hakushu (Unspecified),하쿠슈
Hakushu 12 Year Old,하쿠슈 12년
Hakushu 18 Year Old,하쿠슈 18년
Hakushu Kogei (Unspecified),하쿠슈 코게이
Hakushu Kogei 2024 Edition,하쿠슈 코게이 2024 에디션
Hazelburn (Unspecified),헤이즐번
Hennessy VSOP,헤네시 VSOP
Hibiki (Unspecified),히비키
Hibiki 12 Year Old,히비키 12년
Hibiki 21 Year Old,히비키 21년
Hibiki 30 Year Old,히비키 30년
Hibiki Blender's Choice,히비키 블렌더스 초이스
Highland Park (Unspecified),하이랜드 파크
Highland Park 12 Year Old,하이랜드 파크 12년
Highland Park 12 Year Old Viking Honour,하이랜드 파크 12년 바이킹 아너
Highland Park 25 Year Old,하이랜드 파크 25년
Hinotori (Unspecified),히노토리
Huntly (Unspecified),헌틀리
Illeach Cask Strength,일렉 캐스크 스트렝스
Ilpum Jinro Oak 43,일품진로 오크 43
Inchfad,인치패드
Inchgower,인치고어
Islay (Unspecified),아일라
Islay Boys (Unspecified),아일라 보이즈
Isle of Raasay 7 Year Old,아일 오브 라사이 7년
Kavalan Solist Brandy Cask Single Cask Strength,카발란 브랜디
Kavalan Solist Colheita Port Cask Single Cask Strength,카발란 콜레이타 포트
Kavalan Solist Fino Sherry Single Cask Strength,카발란 피노
Kavalan Solist Madeira Wine Cask Single Cask Strength,카발란 마데이라
Kavalan Solist Manzanilla Sherry Single Cask Strength,카발란 만자닐라
Kavalan Solist Moscatel Sherry Single Cask Strength,카발란 모스카텔
Kavalan Solist Oloroso Sherry Single Cask Strength,카발란 올로로소
Kavalan Solist PX Sherry Single Cask Strength,카발란 PX
Kavalan Solist Palo Cortado Sherry Single Cask Strength,카발란 팔로 코르타도
Kavalan Solist Port Cask Single Cask Strength,카발란 포트
Kavalan Solist Sherry Cask Single Cask Strength,카발란 쉐리
Kavalan Solist Vinho Barrique Single Cask Strength,카발란 비노 바리끄
Kavalan Solist Virgin American Oak Single Cask Strength,카발란 버진 오크
Kavalan Solist ex-Bourbon Cask Single Cask Strength,카발란 범용 버번
Kavalan Triple Sherry Cask,카발란 트리플 쉐리
Ki No Bi Kyoto Dry Gin,키노비 진
Ki One,기원
Ki One Distillery,기원 증류소
Ki One Hawaii Edition,기원 하와이 에디션
Ki One Single Malt,기원 싱글몰트
Ki One Tiger Edition PX Sherry Cask,기원 호랑이 에디션 PX
Kilchoman (Unspecified),킬호만
Kilchoman Machir Bay,킬호만 마키어 베이
Kilchoman Sanaig,킬호만 사나이그
Kilchoman Sanaig Cask Strength,킬호만 사나이그 캐스크 스트렝스
Kilkerran 16 Year Old,킬커란 16년
Kilkerran 8 Year Old Bourbon Cask Cask Strength,킬커란 8년 버번 캐스크 CS
Kilkerran 8 Year Old Sherry Cask Cask Strength,킬커란 8년 셰리 캐스크 CS
Hazelburn 10 Year Old,헤이즐번 10년
King Charles Scotch Whisky,킹 찰스
Kirin Whisky Riku (Unspecified),기린 위스키 리쿠
Kirkland Signature (Unspecified),커클랜드
Kirkland Signature Bourbon,커클랜드 버번
Knob Creek (Unspecified),놉 크릭
Label 5 (Unspecified),라벨 5
Lagavulin (Unspecified),라가불린
Lagavulin 12 Year Old Special Release,라가불린 12년 SR
Lagavulin 16 Year Old,라가불린 16년
Lagavulin 8 Year Old,라가불린 8년
Lambay Single Malt Irish Whiskey,람베이 싱글몰트
Langs Blended Scotch Whisky,랭스
Laphroaig Select (Oak Select),라프로익 셀렉트
Limavady Single Malt Irish Whiskey,리마바디 싱글몰트
Linkwood,링크우드
Loch Lomond (Unspecified),로크로몬드
Loch Lomond Original,로크로몬드 오리지널
Longmorn 18 Year Old,롱모른 18년
Longmorn 18 Year Old Cask Strength,롱모른 18년 캐스크 스트렝스
Longrow Peated,롱로우 피티드
Luzhou Laojiao,노주노교
Mac-Talla (Unspecified),맥탈라
Macallan (Unspecified),맥캘란
Macallan 12 Year Old Double Cask,맥캘란 12년 더블캐스크
Macallan 15 Year Old Double Cask,맥캘란 15년 더블캐스크
Macallan 18 Sherry Oak,맥캘란 18년 셰리캐스크
Macallan 18 Year Old,맥캘란 18년
Macallan 18 Year Old Double Cask,맥캘란 18년 더블캐스크
Macallan 30 Year Old Sherry Oak,맥캘란 30년 셰리캐스크
Macallan Enigma,맥캘란 이니그마
Macallan Harmony Collection,맥캘란 하모니 컬렉션
Macallan Lalique,맥캘란 라릭
Macallan Rare Cask,맥캘란 레어캐스크
Makers Mark,메이커스 마크
Mars (Unspecified),마스
Mars Tsunuki 2025 Edition,마스 츠누키 2025 에디션
Michter's (Unspecified),믹터스
Michter's US*1 Small Batch Bourbon,믹터스 US*1 스몰배치 버번
Midai Black,미다이 블랙
Midai Whisky,미다이 위스키
Milk & Honey (Unspecified),밀크앤허니
Miyagikyo Single Malt,미야기쿄 싱글몰트
Miyazaki Sunpiece Extra Gold 600ml,미야자키 선피스 엑스트라 골드 600ml
Monkey Shoulder,몽키 숄더
Mortlach (Unspecified),모르락
Mr. Boston Blended Scotch Whisky,미스터 보스턴 블렌디드 스카치 위스키
Mr. Boston Straight Bourbon,미스터 보스턴 스트레이트 버번
Naked Malt,네이키드 몰트
Nikka (Unspecified),니카
Nikka From The Barrel,니카 프롬 더 배럴
Nikka Frontier,니카 프론티어
Nikka Miyagikyo Single Malt,니카 미야기쿄 싱글몰트
Nikka Session,니카 세션
Nikka Single Malt Miyagikyo,니카 미야기쿄 싱글몰트
Nikka Single Malt Yoichi,니카 요이치 싱글몰트
Nikka Taketsuru Pure Malt,다케츠루 퓨어몰트
Nikka Yoichi Single Malt,니카 요이치 싱글몰트
Noah's Mill,노아스 밀
Nuri Mizunara Cask Red Horse Edition,누리 미즈나라 캐스크 레드 호스 에디션
Oakzen,오크젠
Oban 14 Year Old,오반 14년
Octomore 14.1,옥토모어 14.1
Old Fitzgerald (Unspecified),올드 피츠제럴드
Old Forester (Unspecified),올드 포레스터
Old Parr (Unspecified),올드 파
Old Parr 12 Year Old,올드 파 12년
Old Perth (Unspecified),올드 퍼스
Old Pulteney 12 Year Old,올드 풀튼 12년
Omar Single Malt Bourbon Cask,오마르 싱글몰트 버번 캐스크
Pangquan Q3,방권 Q3
Paul John (Unspecified),폴 존
Penelope (Unspecified),페넬로페
Penelope Four Grain,페넬로페 포 그레인
Rasta Morris Washpark 17 Year Old,라스타 모리스 워시파크 17년
Rebel Kentucky Straight Bourbon Cabernet Sauvignon Barrel Finish 100 Proof,레벨 카베르네 소 블렌드 피니시 100프루프
Redbreast (Unspecified),레드브레스
Redbreast 12 Year Old,레드브레스 12년
Richard Hennessy,리차드 헤네시
Royal Brackla (Unspecified),로얄 브라클라
Royal Brackla 12 Year Old,로얄 브라클라 12년
Royal Salute (Unspecified),로얄 살루트
Royal Salute 21,로얄 살루트 21년
Royal Salute 23 Year Old Taiwan Exclusive,로얄 살루트 23년 대만 익스클루시브
Russell's Reserve (Unspecified),러셀 리저브
Russell's Reserve 10 Year Old,러셀 10년
Russell's Reserve 13 Year Old Barrel Proof (2025 Release),러셀 13년 배럴 프루프 (2025 릴리즈)
Russell's Reserve 6 Year Old Rye,러셀 6년 라이
Russell's Reserve Single Barrel,러셀 싱글 배럴
Russell's Reserve Single Barrel Rye,러셀 리저브 싱글 배럴 라이
Ryuka Single Malt 3 Year Old 2026 Early Summer,류카 싱글몰트 3년 2026 얼리 서머
Sagamore Spirit (Unspecified),사가모어 스피릿
Sakurao Single Malt,사쿠라오 싱글몰트
Samhain (Unspecified),삼하인
Sanrosu (Unspecified),산로수
Scotch Blue (Unspecified),스카치블루
Scotch Blue 17 Year Old,스카치블루 17년
Scotch Blue 21 Year Old,스카치블루 21년
Signatory 2009 Speyside 16 Year Old,시그나토리 2009 스페이사이드 16년
Signatory 2009 Speyside 16 Year Old 100 Proof Exceptional Cask #13,시그나토리 2009 스페이사이드 16년 100프루프 익셉셔널 캐스크 #13
Signatory Vintage (Unspecified),시그나토리 빈티지
Signatory Vintage Speyside (M) 2009 16 Year Old 100 Proof,시그나토리 빈티지 스페이사이드 (맥캘란) 2009 16년 100프루프
Singleton,싱글톤
Speyburn 10 Year Old,스페이번 10년
Speyburn Bourbon Cask,스페이번 버번 캐스크
Speyburn Sherry Cask Finish,스페이번 셰리 캐스크 피니시
Springbank 10 Year Old,스프링뱅크 10년
Springbank 12 Year Old Cask Strength Batch 20,스프링뱅크 12년 캐스크 스트렝스 배치 20
Springbank 18 Year Old,스프링뱅크 18년
Springbank Local Barley (Unspecified),스프링뱅크 로컬 발리
Starward Solera,스타워드 솔레라
Stauning,스타우닝
Suntory Kakubin,산토리 가쿠빈
Suntory Old,산토리 올드
Suntory Old Whisky,산토리 올드 위스키
Suntory Royal Whisky,산토리 로얄
Suntory Special Reserve,산토리 스페셜 리저브
Suntory Sui Gin,산토리 스이 진
Suntory Whisky,산토리 위스키
Suntory Yamazaki Single Malt Non Vintage,야마자키 NAS
Talisker (Unspecified),탈리스커
Talisker 10 Year Old,탈리스커 10년
Talisker 18 Year Old,탈리스커 18년
Talisker Distillers Edition,탈리스커 디스틸러스 에디션
Talisker Port Ruighe,탈리스커 포트루이
Talisker Storm,탈리스커 스톰
Tamdhu (Unspecified),탐두
Tamdhu 18 Year Old,탐두 18년
Tamnavulin (Unspecified),탐나불린
Tamnavulin Double Cask,탐나불린 더블캐스크
Tamnavulin German Pinot Noir Cask Finish,탐나불린 저먼 피노누아 캐스크 피니시
Tamnavulin Oloroso Cask Edition,탐나불린 올로로소 캐스크 에디션
Tamnavulin Sauvignon Blanc Cask Finish,탐나불린 소비뇽 블랑 캐스크 피니시
Tamnavulin Sherry Cask Edition,탐나불린 셰리 캐스크 에디션
Tamnavulin Sherry Cask Finish,탐나불린 셰리 캐스크 피니시
Tamnavulin White Wine Sauvignon Blanc Cask,탐나불린 화이트 와인 소비뇽 블랑 캐스크
Tatratea 72% Outlaw,타트라티 72 아웃법
Teacher's Highland Cream,티쳐스 하이랜드 크림
Teeling (Unspecified),틸링
Teeling Single Grain,틸링 싱글 그레인
Teeling Small Batch,틸링 스몰배치
The Balvenie The Creation of a Classic,발베니 디 크리에이션 오브 어 클래식
The Dalmore 12 Year Old,달모어 12년
The Dalmore 16 Year Old PX Cask,달모어 16년 PX 캐스크
The Dalmore 17 Year Old,달모어 17년
The Famous Grouse (Unspecified),페이머스 그라우스
The Glen Grant 12 Year Old,글렌그란트 12년
The Glen Grant 15 Year Old,글렌그란트 15년
The Glen Grant 18 Year Old,글렌그란트 18년
The Glenlee (Unspecified),글렌리
The Glenlivet (Unspecified),글렌리벳
The Glenlivet 12 Year Old,글렌리벳 12년
The Glenlivet 12 Year Old 200th Anniversary Edition,글렌리벳 12년 200주년 에디션
The Glenlivet 13 Year Old Cask Strength Batch 4,글렌리벳 13년 캐스크 스트렝스 배치 4
The Glenlivet 15 Year Old,글렌리벳 15년
The Glenlivet 18 Year Old,글렌리벳 18년
The Glenturret 12 Year Old (2024 Release),글렌터렛 12년 (2024 릴리즈)
The Glenturret 12 Year Old (2025 Release),글렌터렛 12년 (2025 릴리즈)
The Lakes (Unspecified),레이크스
The Singleton 12 Year Old,싱글톤 12년
The Singleton 15 Year Old,싱글톤 15년
The Singleton of Dufftown 15 Year Old,싱글톤 오브 더프타운 15년
The Singleton of Glen Ord 14 Year Old,싱글톤 오브 글렌오드 14년
The Talisman,탈리스만
The Whistler P.X. I Love You,휘슬러 PX 아이 러브 유
Togouchi Single Malt,토구치 싱글몰트
Tomatin (Unspecified),토마틴
Tomintoul 10 Year Old,토민툴 10년
Town Branch (Unspecified),타운 브랜치
Tsunuki 2026 Edition,츠누키 2026 에디션
Tullamore D.E.W. (Unspecified),툴라모어 듀
Virginia-Highland Whisky,버지니아 하이랜드 위스키
Whisky Navis (Unspecified),위스키 네이비스
White & Mackay (Unspecified),화이트 앤 맥케이
White Heather (Unspecified),화이트 헤더
White Horse,화이트 호스
White Oak Akashi Red,화이트 오크 아카시 레드
Widow Jane (Unspecified),위도우 제인
Wilderness Trail (Unspecified),윌더니스 트레일
Willett (Unspecified),윌렛
Willett Family Estate Single Barrel Bourbon 1966 36 Year Old,윌렛 패밀리 에스테이트 싱글 배럴 버번 1966 36년
Willett Family Estate Small Batch Rye,윌렛 패밀리 에스테이트 스몰 배치 라이
Woodford Reserve Double Oaked,우드포드 리저브 더블 오크드
Woodford Reserve Straight Bourbon,우드포드 리저브 스트레이트 버번
Yamazaki (Unspecified),야마자키
Yamazaki 12 Year Old,야마자키 12년
Yamazaki 18 Year Old,야마자키 18년
Yamazaki 18 Year Old Mizunara,야마자키 18년 미즈나라
Yamazaki 25 Year Old,야마자키 25년
Yamazaki Distillery Exclusive,야마자키 증류소 익스클루시브
Yamazaki Kogei (Unspecified),야마자키 코게이
Yamazaki Kogei 2024 Edition,야마자키 코게이 2024 에디션
Yamazaki Owner's Cask (Unspecified),야마자키 오너스 캐스크
Yeongdong 19po,영동 19포
anCnoc (Unspecified),안노크
Jack Daniel's (Unspecified),잭다니엘
Jack Daniel's Single Barrel 100 Proof,잭다니엘 싱글배럴 100프루프
Jack Daniel's Single Barrel Barrel Proof,잭다니엘 싱글배럴 배럴프루프
Jack Daniel's Single Barrel Select,잭다니엘 싱글배럴 셀렉트
Jameson (Unspecified),제임슨
Jameson Standard,제임슨 스탠다드
Jim Beam (Unspecified),짐빔
Jim Beam Black Extra Aged,짐빔 블랙
Jim Beam Rye,짐빔 라이
Jim Beam White Label,짐빔 화이트
John Barr Finest,존바 파이니스트
John Barr Reserve,존바 리저브
Johnnie Walker (Unspecified),조니워커
Johnnie Walker 15 Year Old Sherry Finish,조니워커 15년 셰리 피니시
Johnnie Walker 18 Year Old,조니워커 18년
Johnnie Walker Blonde,조니워커 블론드
Johnnie Walker Double Black,조니워커 더블블랙
Johnnie Walker Gold Label,조니워커 골드라벨
Johnnie Walker Green 15,조니워커 그린 15년
Johnnie Walker Green Label,조니워커 그린라벨
Johnnie Walker Red Label,조니워커 레드라벨
Johnnie Walker Swing,조니워커 스윙
Johnnie Walker XR 21,조니워커 XR 21년
Johnnie Walker XR 21 Year Old Year of the Horse Edition,조니워커 XR 21년 말띠 에디션
Jura (Unspecified),쥬라
Jura 18 Year Old,쥬라 18년
Jura Islander,쥬라 아일랜더
Jura The Bay,쥬라 더 베이
Jura The Sound,쥬라 더 사운드
Kaiyo (Unspecified),카이요
Kanosuke (Unspecified),카노스케
Kavalan Concertmaster Madeira Cask Finish,카발란 콘서트마스터 마데이라 캐스크 피니시
Kavalan Concertmaster Port Cask Finish,카발란 콘서트마스터 포트 캐스크 피니시
Kavalan Distillery Select No. 1,카발란 디스틸러리 셀렉트 1번
Kavalan Distillery Select No. 2,카발란 디스틸러리 셀렉트 2번
Kavalan Jeju Edition,카발란 제주 에디션
Kavalan Oloroso Sherry Oak,카발란 올로로소 셰리 오크
Kavalan Podium,카발란 포디움
Kavalan Solist Amontillado Sherry Single Cask Strength,카발란 아몬티야도 셰리 싱글 캐스크 스트렝스
Kavalan Solist Bourbon Cask Single Cask Strength,카발란 버번 캐스크 싱글 캐스크 스트렝스
Woodford Reserve (Unspecified),우드포드 리저브
1792 Small Batch Bourbon,1792 스몰배치 버번
Aberfeldy 18 Year Old,애버펠디 18년
Balvenie 16 Year Old,발베니 16년
Black Bottle,블랙보틀
Bladnoch 19 Year Old,블라드녹 19년
Bowmore,보모어
Bowmore 33 Years Old Timeless,보모어 33년 타임리스
Bruichladdich The Classic Laddie,브룩라디 클래식 래디
Bulleit Bourbon,불렛 버번
Bushmills,부쉬밀
Classic of Islay 2024,클래식 오브 아일라 2024
Dalmore Luminary,달모어 루미너리
Four Roses Small Batch,포로지스 스몰배치
Four Roses Straight Bourbon,포로지스 스트레이트 버번
Frapin 15 Year Old Cask Strength,프라팽 15년 캐스크 스트렝스
GlenAllachie 11 Year Old Palo Cortado Cask Finish,글렌알라키 11년 팔로 코르타도 캐스크 피니시
GlenAllachie 35 Year Old,글렌알라키 35년
Glenallachie Single Cask 2011 14 Year Old Oloroso Hogshead,글렌알라키 싱글캐스크 2011 14년 올로로소 혹스헤드
Glenallachie Single Cask 2012 13 Year Old PX Hogshead,글렌알라키 싱글캐스크 2012 13년 PX 혹스헤드
Glencadam 10 Year Old,글렌카담 10년
Glencadam 13 Year Old,글렌카담 13년
Glendronach House Editions The Parisian Room,글렌드로낙 하우스 에디션 파리지앵 룸
Glendronach House Editions The Sevillian Room,글렌드로낙 하우스 에디션 세비야 룸
Glendronach House Editions The Venetian Room,글렌드로낙 하우스 에디션 베니스 룸
Glendronach Port Wood,글렌드로낙 포트우드
Glenfarclas 1989,글렌파클라스 1989
Glen Grant 15 Year Old,글렌그란트 15년
Glen Grant 16 Year Old Cask Strength,글렌그란트 16년 캐스크 스트렝스
Glen Grant 21 Year Old,글렌그란트 21년
Glen Grant Horse Edition,글렌그란트 호스 에디션
Glenturret 12 Year Old,글렌터렛 12년
Glenturret 14 Year Old Peat Smoked,글렌터렛 14년 피트 스모크드
Hakushu Bittersweet Edition,하쿠슈 비터스위트 에디션
Heaven Hill Bottled-in-Bond 7 Year Old,헤븐힐 보틀드인본드 7년
Hibiki,히비키
Hibiki Chiso Edition,히비키 치소 에디션
Highland Park 30 Year Old,하이랜드 파크 30년
Highland Park Seoul Edition,하이랜드 파크 서울 에디션
Kanosuke 2026,카노스케 2026
Kavalan Classic Single Malt,카발란 클래식 싱글몰트
Kavalan Solist Vinho Barrique,카발란 비노 바리끄
Kilchoman Batch Strength,킬호만 배치 스트렝스
Ki One Eagle,키원 이글
Laphroaig 14 Year Old Willem Dafoe Limited Edition,라프로익 14년 윌렘 대포 리미티드 에디션
Lucky Seven The New Yorker,럭키세븐 더 뉴요커
Macallan 12 Year Old Double Cask (Old),맥캘란 12년 더블캐스크 (구형)
Mannochmore 18 Year Old,마노크모어 18년
Natterjack Cask Strength,내터잭 캐스크 스트렝스
Oban Little Bay,오반 리틀베이
Old Forester Single Barrel,올드 포레스터 싱글배럴
Old Forester Statesman,올드 포레스터 스테이츠맨
Old Forrester 1910,올드 포레스터 1910
Port Charlotte Isleta Barley 2014,포트샬럿 아일레타 발리 2014
Royal Brackla 18 Year Old,로얄 브라클라 18년
Royal Lochnagar 12 Year Old,로얄 로크나가 12년
Royal Salute 23 Year Old,로얄 살루트 23년
Signatory Vintage Benriach 2014 10 Years,시그나토리 빈티지 벤리악 2014 10년
Stagg Batch 26A,스택 배치 26A
Taketsuru Pure Malt Grande,다케츠루 퓨어몰트 그랑
Tamdhu 15 Year Old,탐두 15년
Tamdhu 21 Year Old,탐두 21년
The Dundee Blended,더 던디 블렌디드
The Glenlivet,글렌리벳
Weller Special Reserve,웰러 스페셜리저브
Wild Turkey 81,와일드터키 81
Wild Turkey Kentucky Spirit Single Barrel,와일드터키 켄터키 스피릿 싱글배럴
Wild Turkey Longbranch,와일드터키 롱브랜치
Wild Turkey Rare Breed,와일드터키 레어브리드
Writers' Tears 10 Year Old Cask Strength Batch 4,라이터스티어스 10년 캐스크스트렝스 배치4
Yamazaki Limited Edition 2021,야마자키 리미티드 에디션 2021
Yellow Rose Harris County,옐로우로즈 해리스 카운티
Glenallachie Single Cask (Unspecified),글렌알라키 싱글 캐스크
Balvenie 1931 Collection 12 Year Old,발베니 1931 컬렉션 12년
Old Pulteney 15 Year Old,올드 풀트니 15년
Old Pulteney 16 Year Old,올드 풀트니 16년
Old Pulteney 18 Year Old,올드 풀트니 18년
Old Pulteney 25 Year Old,올드 풀트니 25년
Old Pulteney Huddart,올드 풀트니 허다트
Balblair 12 Year Old,발블레어 12년
Balblair 15 Year Old,발블레어 15년
Balblair 17 Year Old,발블레어 17년
Balblair 18 Year Old,발블레어 18년
Balblair 25 Year Old,발블레어 25년
Tomintoul 14 Year Old,토민타울 14년
Tomintoul 16 Year Old,토민타울 16년
Tomintoul 21 Year Old,토민타울 21년
Tomintoul 25 Year Old,토민타울 25년
Tomintoul PX Sherry Cask Finish,토민타울 PX 셰리 캐스크 피니시
Tomintoul Cigar Malt,토민타울 시가 몰트
Aberfeldy 21 Year Old,애버펠디 21년
Aberfeldy 25 Year Old,애버펠디 25년
Cragganmore 12 Year Old,크래겐모어 12년
Cragganmore 20 Year Old,크래겐모어 20년
Glen Elgin 12 Year Old,글렌 엘긴 12년
Glen Elgin 18 Year Old,글렌 엘긴 18년
Glenkinchie 12 Year Old,글렌킨치 12년
Glen Spey 12 Year Old,글렌 스페이 12년
Knockando 12 Year Old,녹칸두 12년
Knockando 15 Year Old,녹칸두 15년
Tobermory 12 Year Old,토버모리 12년
Tobermory 18 Year Old,토버모리 18년
Inchgower 14 Year Old,인치고워 14년
Strathmill 12 Year Old,스트라스밀 12년
Glen Garioch 12 Year Old,글렌 기어리 12년
Glen Garioch 18 Year Old,글렌 기어리 18년
Craigellachie 13 Year Old,크라이겔라키 13년
The Irishman Single Malt,디 아이리시맨 싱글몰트
The Irishman Single Malt 12 Year Old,디 아이리시맨 싱글몰트 12년
The Irishman Cask Strength,디 아이리시맨 CS
The Irishman Caribbean Cask,디 아이리시맨 캐리비안 캐스크
The Irishman Founder's Reserve,디 아이리시맨 파운더스 리저브
The Irishman The Harvest,디 아이리시맨 더 하베스트
Writers' Tears Double Oak,라이터즈 티얼즈 더블 오크
Writers' Tears Red Head,라이터즈 티얼즈 레드 헤드
Writers' Tears Mizunara Cask,라이터즈 티얼즈 미즈나라 캐스크
Writers' Tears Copper Pot,라이터즈 티얼즈 싱글 팟 스틸
Clonakilty Galley Head,클로나킬티 갤리 헤드 아이리시 위스키
Clonakilty Single Pot Still,클로나킬티 싱글 팟 스틸 아이리시 위스키
Clonakilty Port Cask,클로나킬티 포트 캐스크 아이리시 위스키
Paddy Irish Whiskey,패디 아이리시 위스키
The Busker Single Grain,더 버스커 싱글 그레인
The Busker Single Malt,더 버스커 싱글 몰트
The Busker Single Pot Still,더 버스커 싱글 팟 스틸
Kilbeggan (Unspecified),킬베간
Jefferson's Bourbon,제퍼슨 버번
Rittenhouse Rye,리튼하우스 라이
E.H. Taylor Small Batch,E.H. 테일러 스몰배치
E.H. Taylor Straight Rye,E.H. 테일러 스트레이트 라이
E.H. Taylor Single Barrel,E.H. 테일러 싱글배럴
Redemption Rye,리뎀션 라이
Redemption Bourbon,리뎀션 버번
Redemption Wheated Bourbon,리뎀션 휘티드 버번
Redemption High Rye,리뎀션 하이 라이
Weller C.Y.P.B.,웰러 C.Y.P.B.
Weller Antique 107,웰러 앤티크 107
Weller Full Proof,웰러 풀 프루프
William Larue Weller,윌리엄 라루 웰러
Old Grand-Dad 114,올드 그랜드 대드 114
Crown Royal Deluxe,크라운 로얄 디럭스
Pappy Van Winkle 23 Year Old,패피 반 윙클 23년
Ezra Brooks Kentucky Straight Bourbon,에즈라 브룩스 켄터키 스트레이트 버번
George Dickel Bottled in Bond,조지 디켈 바틀 인 본드
John Lee Straight Bourbon,존 리 스트레이트 버번
High West Double Rye,하이 웨스트 더블 라이
High West Rendezvous Rye,하이 웨스트 랑데부
High West American Prairie Bourbon,하이 웨스트 버번
High West Campfire,하이 웨스트 캠프파이어
High West High Country American Single Malt,하이 웨스트 하이 컨트리
WhistlePig 10 Year Rye,휘슬피그 10년 라이
WhistlePig 12 Year Rye,휘슬피그 12년 라이
WhistlePig 15 Year Rye,휘슬피그 15년 라이
Elijah Craig Small Batch,일라이저 크레이그 스몰 배치
Elijah Craig Single Barrel 18 Year Old,일라이저 크레이그 싱글 배럴 18년
Yellow Rose Rye,옐로우 로즈 라이
Yellow Rose Outlaw Bourbon,옐로우 로즈 아웃로우 버번
Koval Single Barrel Millet Whiskey,코발 싱글배럴 밀레 위스키
Koval Single Barrel Bourbon,코발 싱글배럴 버번 위스키
Templeton Rye 4 Year Old,템플턴 라이 4년
Templeton Rye 6 Year Old,템플턴 라이 6년
Templeton Rye 10 Year Old Single Barrel,템플턴 라이 10년 싱글배럴
Templeton Rye Barrel Strength,템플턴 라이 배럴 스트렝스
Templeton Midnight Rye,템플턴 미드나잇 라이
Amrut Indian Single Malt,암룻 인디언
Amrut Indian Single Malt Cask Strength,암룻 인디언 CS
Amrut Intermediate Sherry,암룻 인터미디에이트 셰리
Amrut Portonova,암룻 포트노바
Amrut Rye Single Malt,암룻 라이 싱글몰트 위스키
Matsui The Kurayoshi Daisen Blended,마쓰이 다이센 블렌디드 위스키
Matsui Tottori Bourbon Barrel,마쓰이 돗토리 버번 배럴
Matsui Tottori Blended,마쓰이 돗토리 블렌디드 위스키
Matsui The Kurayoshi Single Malt,마쓰이 쿠라요시 싱글몰트 위스키
Matsui San-in,마쓰이 산인
Matsui The Kurayoshi Pure Malt,마쓰이 퓨어 몰트 위스키 쿠라요시
Kamiki Original,카미키 오리지널
Kamiki Sakura,카미키 사쿠라
Shinzato Whisky,신자토 위스키
Fuji Sanroku Signature Blend,후지산로쿠 시그니처 블렌드
Tenjaku Blended,텐자쿠 블렌디드 위스키
Tenjaku Pure Malt,텐자쿠 퓨어몰트 위스키
Kyoto Aka Obi,교토 아카 오비
Kyoto Kuro Obi,교토 쿠로 오비
Kyoto Murasaki Obi,교토 무라사키 오비
Haig Club,헤이그 클럽
Copper Dog,코퍼 독
The Naked Grouse,네이키드 그라우스
Smokehead,스모크 헤드
Big Peat,빅 피트
Big Peat 12 Year Old,빅 피트 12년
Port Askaig 8 Year Old,포트 애스케이그 8년
Port Charlotte 10 Year Old,포트샬롯 10년
Finlaggan Original,핀라간 오리지널
Kilkerran 12 Year Old,킬커란 12년
James E. Pepper 1776 Old Pepper Single Malt Small Batch,1776 올드 페퍼 싱글몰트 스몰 배치
James E. Pepper 1776 Old Pepper Single Barrel Rye,1776 올드 페퍼 싱글배럴 라이
James E. Pepper 1776 Rye,1776 제임스 E.페퍼 라이
James E. Pepper 1776 Barrel Proof Straight Rye,1776 제임스 E.페퍼 배럴 프루프 스트레이트 라이
James E. Pepper 1776 Barrel Proof Straight Bourbon,1776 제임스 E.페퍼 배럴 프루프 스트레이트 버번
James E. Pepper 1776 Bourbon,1776 제임스 E.페퍼 버번
1792 12 Year Old,1792 12년
1792 Bottled in Bond,1792 바틀 인 본드
1792 Single Barrel,1792 싱글배럴
35 by Imperial,35 바이 임페리얼
MB Roland Straight Bourbon,MB 롤랜드 스트레이트 버번 위스키
MB Roland Single Barrel Bourbon,MB 롤랜드 싱글배럴 버번 위스키
OLO Mannochmore 13 Year Old Oloroso Sherry Finish,OLO 마녹모어 13년 올로로쏘 셰리 피니시
RY3 Toasted Barrel Finish,RY3 위스키 토스티드 배럴 피니시
SMOS 2009 Mannochmore 11 Year Old,SMOS 2009 마녹모어 11년
SMOS Teaninich 11 Year Old,SMOS 티니닉 11년
That Boutique-y Whisky Company Miltonduff 10 Year Old Batch 5,TBWC 밀튼더프 10년 배치 5
TSC 2000 Allt-a-Bhainne 21 Year Old Cask Strength Hogshead,TSC 2000 알타바인 21년 CS 혹스헤드
TSC 2008 Miltonduff 13 Year Old Cask Strength 1st Fill Bourbon Barrel,TSC 2008 밀튼더프 13년 CS 1st Fill 버번 배럴
XOP Speyside 30 Year Old Cask Strength,XOP 스페이사이드 30년 CS
Hunter Laing Old & Rare Ardmore 31 Year Old Cask Strength,헌터랭 올드앤레어 아드모어 31년 CS
Sazerac Rye 18 Year Old,사제락 라이 18년
Wilson & Morgan 2008 Glenlossie 16 Year Old,윌슨앤모건 2008 글렌로지 16년
Iwai Tradition Sherry Cask Finish,이와이 트레디션 셰리 캐스크 피니시
Iwai Tradition Wine Cask Finish,이와이 트레디션 WCF
Iwai (Unspecified),이와이
Pearse Founder's Choice 12 Year Old Single Malt,피어스 파운더스 초이스 12년 싱글몰트
Indri Single Malt,인드리 싱글몰트 위스키
Old Pulteney Harbour,올드 풀트니 하버
The Politician Blended,폴리티션 블렌디드 위스키
Fettercairn Fasque Single Malt,피츠코티 싱글몰트 스카치 위스키
Compass Box Great King Street Artist's Blend,그레이트 킹 스트리트 아티스트 블렌드
Michel Couvreur Overaged Cask Strength,미쉘 쿠브어 오버에이지드 CS
Michel Couvreur Manzanilla Maturation,미쉘 쿠브어 만자니아 머츄레이션
Michel Couvreur Vin Jaune,미쉘 쿠브어 뱅 죤
Michel Couvreur Very Sherried 1998 25 Year Old,미쉘 쿠브어 베리 셰리드 1998 25년
Michel Couvreur Very Sherried 1998 26 Year Old Cask Strength,미쉘 쿠브어 베리 셰리드 1998 26년 CS
Michel Couvreur Blossoming Eau de Vie Sherried,미쉘 쿠브어 블로소밍 오드 셰리드
Michel Couvreur Special Vatting Peat,미쉘 쿠브어 스페셜 배팅 피트
Michel Couvreur Fino Maturation,미쉘 쿠브어 피노 머츄레이션
Michel Couvreur Hyphen,미쉘 쿠브어 하이픈
Hinch 10 Year Old Sherry Cask Finish,힌치 10년 셰리 캐스크 피니시
TSC 2010 Ledaig 11 Year Old Cask Strength Guyana Rum Barrel Finish,TSC 2010 레칙 11년 CS 가이아나 럼 배럴 피니시
Redwood Empire Emerald Giant Rye,레드우드 엠파이어 위스키 라이(에메랄드 자이언트)
Redwood Empire Lost Monarch Blend,레드우드 엠파이어 위스키 블렌드(로스트 모나크)
J&B Jet,제이 앤 비 제트
J&B Rare,제이 앤 비 레어
J&B Reserve 15 Year Old,제이 앤 비 리저브 15년
Old Gunsight Dailuaine 12 Year Old,올드 군시 달유인 12년
Old Gunsight Teaninich 13 Year Old,올드 군시 티니닉 13년
Old Gunsight 2009 Auchroisk 13 Year Old,올드 군시 2009 오크로이스크 13년
Old Gunsight 2011 Auchroisk 12 Year Old First Fill Amontillado Sherry Cask Finish,올드 군시 2011 오크로이스크 12년 퍼스트필 아몬티안도 셰리 캐스크 피니시
Kingsbarns Dream to Dram,킹스반즈 드림 투 드램
Kingsbarns Balcomie,킹스반즈 발코미
Wemyss Malts The Hive Batch Strength,더 하이브 배치 스트렝스
Wemyss Malts Spice King Batch Strength,스파이스 킹 배치 스트렝스
West Cork Sherry Cask Finish,웨스트콕 셰리 캐스크 피니시
West Cork Blended Cask Strength,웨스트콕 블렌디드 CS
West Cork Blended Bourbon Cask,웨스트콕 블렌디드 버번 캐스크
West Cork Calvados Cask Finish,웨스트콕 칼바도스 캐스크 피니시
West Cork Port Cask Finish,웨스트콕 포트 캐스크 피니시
Barrell Gold Label Bourbon 18 Year Old,바렐 골드 라벨 버번 18년
Barrell Gold Label Seagrass 20 Year Old,바렐 골드 라벨 시그라스 20년
Barrell Gray Label Bourbon 15 Year Old,바렐 그레이 라벨 버번 15년
Barrell Gray Label Seagrass 19 Year Old,바렐 그레이 라벨 시그라스 19년
Barrell Dovetail,바렐 도브테일
Barrell Toasted Dovetail,바렐 토스티드 도브테일
Barrell Decade 20 Year Old,바렐 디케이드 20년
Barrell Rye Batch 4,바렐 라이 배치 4
Barrell Vantage,바렐 밴티지
Barrell Bourbon,바렐 버번
Barrell Bourbon Batch 36,바렐 버번 배치 36
Barrell Seagrass,바렐 시그라스
Barrell Tale of Two Islands,바렐 테일 오브 투 아일랜드
Barrell Foundation,바렐 파운데이션
Gentleman's Cut Straight Bourbon,젠틀맨스 컷 스트레이트 버번 위스키
Bardstown Bourbon Discovery Series #10,바즈타운 버번 디스커버리 #10
Bardstown Bourbon Company Fusion Series #9,바즈타운 버번 컴퍼니 퓨전 시리즈 #9
Bardstown Bourbon Bottled in Bond,바즈타운 버번 바틀드 인 본드
Bardstown Bourbon Company Origin Series Bottled in Bond,바즈타운 버번 컴퍼니 오리진 시리즈 BIB
Bardstown Bourbon Company Kentucky Straight Rye,바즈타운 켄터키 스트레이트 라이
Bardstown Bourbon Company Kentucky Straight Bourbon,바즈타운 켄터키 스트레이트 버번
Elijah Craig Barrel Proof Batch A124,일라이저 크레이그 배럴 프루프 A124
Elijah Craig Barrel Proof Batch A120,일라이저 크레이그 배럴 프루프 A120
Elijah Craig Barrel Proof Batch A123,일라이저 크레이그 배럴 프루프 A123
Elijah Craig Barrel Proof Batch A122,일라이저 크레이그 배럴 프루프 A122
Elijah Craig Barrel Proof Batch B522,일라이저 크레이그 배럴 프루프 B522
Elijah Craig Barrel Proof Batch C922,일라이저 크레이그 배럴 프루프 C922
Elijah Craig Private Barrel 9 Year Old Barrel Proof,일라이저 크레이그 프라이빗 배럴 9년 배럴 프루프
Windsor 21 Year Old,윈저 21년
Fogg's Blended Irish,포그스 블렌디드 아이리시 위스키
White Oak Akashi Black,화이트 오크 위스키 아카시 블랙
Mackmyra Svensk Ek Single Malt,맥미라 스벤스크 에크 싱글몰트 위스키
Daldaeul Mannochmore 13 Year Old Art Series Hwang Jini,달달 마녹모어 13년 아트시리즈 황진이
Daldaeul Rye Base Special Whisky,달달 라이 베이스 스페셜 위스키
Daldaeul Dailuaine 9 Year Old Planet Series No.2 Venus,달달 달유인 9년 행성 시리즈 No.2 금성
Daldaeul Ardnahoe 13 Year Old Planet Series No.1 Mercury,달달 아드나호 13년 행성 시리즈 No.1 수성
Daldaeul Craigellachie 11 Year Old Art Series Wedding No.2,달달 크라이겔라키 11년 아트시리즈 웨딩 No.2
Daldaeul Craigellachie 11 Year Old Art Series Wedding No.3,달달 크라이겔라키 11년 아트시리즈 웨딩 No.3
Daldaeul Clynelish 10 Year Old Planet Series No.3 Earth,달달 크라이넬리쉬 10년 행성 시리즈 No.3 지구
Daldaeul Tomintoul 11 Year Old Art Series No.1,달달 토민타울 11년 아트시리즈 No.1 빗속의 아이
Daldaeul Tomintoul 11 Year Old Art Series No.2,달달 토민타울 11년 아트시리즈 No.2 설레는 아이
Kentucky Walker Straight Bourbon,켄터키 워커 스트레이트 버번
The English Whisky Smokey,잉글리쉬 싱글몰트 위스키 스모키
The English Whisky Original,잉글리쉬 싱글몰트 위스키 오리지널
The English Whisky VE-Day 80,잉글리쉬 위스키 Ve-Day 80
The English Whisky Cask Fusion,잉글리쉬 위스키 캐스크 퓨전
Tullibardine 500 Sherry Cask Finish,툴리바딘 500 셰리 캐스크 피니시
Highland Chief,하이랜드 치프
Kirin Single Malt Fuji,기린 싱글몰트 위스키 후지
Kirin Blended Fuji,기린 블렌디드 위스키 후지
Kirin Single Grain Fuji,기린 싱글 그레인 위스키 후지
Kirin Single Blended Fuji,기린 싱글 블렌디드 위스키 후지
Bankhall British Single Malt,뱅크홀 브리티쉬 싱글몰트 위스키
Highland Queen Majesty 14 Year Old,하이랜드 퀸 마제스티 14년
Highland Queen Sherry Cask Finish,하이랜드 퀸 셰리 캐스크 피니시
Hart Brothers Old Pulteney 10 Year Old,하트 브라더스 올드 풀트니 10년
Hart Brothers 2005 Tullibardine 13 Year Old Cask Strength,하트 브라더스 2005 툴리바딘 13년 CS
Hart Brothers 2010 Longmorn 11 Year Old Cask Strength,하트 브라더스 2010 롱몬 11년 CS
Hart Brothers 2013 Tormore 8 Year Old,하트 브라더스 2013 토모어 8년
Little Book Chapter 6,리틀 북 챕터 6
Koshino Shinobu Blended,코시노 시노부 블렌디드 위스키
Koshino Shinobu Pure Malt,코시노 시노부 퓨어 몰트 위스키
Iconic 2010 Speyside 15 Year Old Oloroso Octave Cask Finish,아이코닉 2010 스페이사이드 15년 올로로쏘 옥타브 캐스크 피니쉬
Brenne French Single Malt Pineau des Charentes Finish,브렌 프렌치 싱글몰트 위스키 피노 데 샤랑뜨 피니시
Brenne French Single Malt 10 Year Old,브렌 프렌치 싱글몰트 위스키 10년
Brenne French Single Malt Estate Cask,브렌 프렌치 싱글몰트 위스키 에스테이트 캐스크
Glenglassaugh Evolution,글렌글라사 에볼루션
Glenglassaugh Revival,글렌글라사 리바이벌
Glenglassaugh Torfa,글렌글라사 토파
Glenglassaugh 12 Year Old,글렌글라사 12년
Glenglassaugh Portsoy,글렌글라사 포트소이
Drammore Glenglassaugh 6 Year Old Oloroso Hogshead,드램모어 글렌글라사 6년 올로로쏘 혹스헤드
Drammore Tullibardine 7 Year Old Bourbon Barrel,드램모어 툴리바딘 7년 버번 배럴
Lost Distillery Classic Selection Dalaruan,로스트 디스틸러리 클래식 셀렉션 달라루안
Benchmark No.8,벤치마크 No.8
Benchmark Full Proof,벤치마크 풀 프루프
Oban 12 Year Old 2021 Special Release,오반 12년 2021 SR
Oban 10 Year Old 2022 Special Release,오반 10년 SR 2022
Oban 10 Year Old 2024 Special Release,오반 10년 SR 2024
Oban 11 Year Old 2023 Special Release,오반 11년 SR 2023
Oban 12 Year Old 2025 Special Release,오반 12년 SR 2025
Old Castle,올드 캐슬
Wolfburn Northland,울프번 노스랜드
Wolfburn Morven,울프번 몰벤
Wolfburn Aurora,울프번 오로라
Cooper's Choice 2011 Inchgower 11 Year Old,쿠퍼스 초이스 2011 인치고워 11년
Cooper's Choice 2005 Invergordon 18 Year Old Marsala Cask Finish,쿠퍼스 초이스 2005 인버고든 18년 마르살라 캐스크 피니시
Cooper's Choice 2011 Dailuaine 11 Year Old Port Wood Finish,쿠퍼스 초이스 2011 달유인 11년 포트우드 피니시
Cooper's Choice 2016 Dalmunach 7 Year Old,쿠퍼스 초이스 2016 달무낙 7년
Craigellachie 17 Year Old,크라이겔라키 17년
Douglas Laing The Epicurean,에피큐리안
Douglas Laing The Epicurean White Wood Finish,에피큐리안 화이트 우드 피니시
Rebel Yell Small Batch Rye,레벨 옐 스몰 배치 라이
Rebel Yell Kentucky Straight Bourbon,레벨 옐 켄터키 스트레이트 버번
Rebel Kentucky Straight Rye,레벨 켄터키 스트레이트 라이
Rebel Kentucky Straight Bourbon,레벨 켄터키 스트레이트 버번
Rebel Kentucky Straight Bourbon 100 Proof,레벨 켄터키 스트레이트 버번 100프루프
Infrequent Flyers Tomintoul 8 Year Old 2014,인프리퀀트 플라이어스 토민타울 8년 2014
Infrequent Flyers Knockdhu 9 Year Old 2013,인프리퀀트 플라이어스 녹두 9년 2013
Goldfinch Foundnorth 15 Year Old,골드핀치 파운드 노스 15년
Grant's 18 Year Old,그란츠 18년
Green Jacket 12 Year Old,그린 자켓 12년
Green Jacket 17 Year Old,그린 자켓 17년
Gladstone Axe Black Axe,글래드스톤 엑스 블랙엑스
Gladstone Axe American Oak,글래드스톤 엑스 아메리칸 오크
The 1770 Glasgow PX Cask Korean Exclusive,글래스고 1770 PX 캐스크 코리안 익스클루시브
The 1770 Glasgow Original,글래스고 1770 오리지널
Glen Garioch 17 Year Old Renaissance Chapter 3,글렌 기어리 17년 르네상스 3rd 챕터
Glen Garioch 1997 Batch 12,글렌 기어리 1997 배치 12
Glen Deveron 40 Year Old,글렌 데브론 40년
Glen Mansion,글렌 맨션
Glen Colt,글렌 콜트
Glen Turner 12 Year Old,글렌 터너 12년
Glendale Reserve,글렌데일 리저브
Glen Dower Blended Malt,글렌도워 블렌디드 몰트
Glen Lassie,글렌라씨
Glen Laird 10 Year Old,글렌레어드 10년
Glen Laird 12 Year Old,글렌레어드 12년
Glenkinchie 27 Year Old 2023 Special Release,글렌킨치 27년 SR 2023
Nagahama Single Malt Bordeaux Red Wine Cask,나가하마 싱글몰트 보르도 레드 와인 캐스크
Nagahama Single Malt Second Batch,나가하마 싱글몰트 세컨드 배치
Nagahama Single Malt First Batch,나가하마 싱글몰트 퍼스트 배치
Nanmonaki Meishu,나모나키 메이슈
Natterjack Blend No.1,내터잭 블렌드 No.1
Nc'nean Organic Single Malt,낵닌 오가닉 싱글 몰트
Nc'nean Cask Strength,낵닌 캐스크 스트렝스
Ned Whisky,네드 위스키
Nozomi Pure Malt,노조미 퓨어 몰트 위스키
New Leaf Rye 8 Year Old,뉴 리프 라이 8년
New Leaf Malted Rye 6 Year Old,뉴 리프 몰티드 라이 6년
New Leaf Single Barrel Bourbon Barrel Proof,뉴 리프 싱글배럴 버번 배럴 프루프
Ninkasi Chardonnay Cask,닌카시 샤르도네
Dyanne Blended,다이앤 블렌디드 위스키
Darkness 8 Year Old,다크니스 8년
Dalwhinnie 30 Year Old 2019,달위니 30년 2019
Dalwhinnie Winter's Gold,달위니 윈터스 골드
Dailuaine 21 Year Old 2025 Special Release,달유인 21년 SR 2025
Daddy Rack Tennessee Straight,대디 랙 테네시 스트레이트 위스키
That Boutique-y Whisky Company Macduff 10 Year Old Batch 10,댓 부티키 위스키 컴퍼니 맥더프 10년 배치 10
That Boutique-y Whisky Company Speyside #2 25 Year Old Batch 1,댓 부티키 위스키 컴퍼니 스페이사이드 #2 25년 배치 1
That Boutique-y Whisky Company Speyside #3 8 Year Old Batch 1,댓 부티키 위스키 컴퍼니 스페이사이드 #3 8년 배치 1
The Double Peat,더 더블 피트
The Dundee 10 Year Old,더 던디 10년
The Legendary Dark Silky,더 레전더리 다크 실키
The Legendary Silky,더 리젠더리 실키
The Midnight Silky,더 미드나이트 실키
The Smooth by Imperial 12 Year Old,더 스무스 바이 임페리얼 12년
The Smooth by Imperial 17 Year Old,더 스무스 바이 임페리얼 17년
The Wiseman Rye,더 와이즈맨 라이
The Wiseman Bourbon,더 와이즈맨 버번
The Whisky Docent Auchroisk 2011,더 위스키 도슨트 오크로이스크 2011
The Whisky Docent Cameron Bridge 2002,더 위스키 도슨트 카메론 브릿지 2002
The Whisky Blues 2009 Macduff 16 Year Old,더 위스키 블루스 2009 맥더프 16년
The Whisky Tales Fireworks 2011 Allt-a-Bhainne 14 Year Old,더 위스키 테일즈 불꽃놀이 2011 알타바인 14년
The Whisky Tales Season 2 Sharon Ardmore 8 Year Old,더 위스키 테일즈 시즌 2 샤론 아드모어 8년
The Whisky Tales Season 2 Opening Tobermory 2013,더 위스키 테일즈 시즌 2 오프닝 토버모리 2013
The Whisky Tales Season 2 Eve Craigellachie 16 Year Old,더 위스키 테일즈 시즌 2 이브 크라이겔라키 16년
The Whisky Tales Gina 2008 Old Pulteney 17 Year Old,더 위스키 테일즈 지나 2008 풀트니 17년
Whisky Tales x Hart Brothers 2013 Glen Keith 12 Year Old Four Seasons #1,위스키테일즈 X 하트브라더스 2013 글렌키스 12년 사계 #1
The Class,더 클래스
The Class 33,더 클래스 33
The Perfect Fifths Cambus 1976,더 퍼펙트 핍스 캄부스 1976
Douglas Laing 1982 Port Ellen 39 Year Old Cask Strength Refill Hogshead,더글라스 랭 1982 포트 엘런 39년 CS 리필 혹스헤드
Duncan Taylor 2014 Campbeltown 10 Year Old Cask Strength,던컨 테일러 2014 캠벨타운 10년 CS
Duncan Taylor Glentauchers 2008 14 Year Old,던컨 테일러 글렌토커스 2008 14년
Duncan Taylor Octave 2011 Glen Garioch 14 Year Old Oloroso Octave Cask Finish,던컨 테일러 옥타브 2011 글렌 기어리 14년 올로로쏘 옥타브 캐스크 피니시
David Nicholson 1843 Bourbon,데이비드 니콜슨 버번 1843
David Nicholson Reserve Bourbon,데이비드 니콜슨 버번 리저브
Davis County Cabernet Sauvignon Cask,데이비스 카운티 까베르네 소비뇽 캐스크
Davis County Straight Bourbon,데이비스 카운티 스트레이트 버번
Davis County French Cask,데이비스 카운티 프렌치 캐스크
The Irishman 12 Year Old Single Malt,디 아이리시맨 12년 싱글몰트
The Antiquary 12 Year Old,디 안티콰리 12년
The Original Gold Bar Whisky,디 오리지널 골드바 위스키
Dimple 18 Year Old,딤플 18년
Dingle Single Pot Still Batch 5,딩글 싱글 팟 스틸 위스키 배치 5
Dingle Single Malt,딩글 싱글몰트 위스키
Dingle Single Malt Batch 5,딩글 싱글몰트 위스키 배치 5
Dingle Single Malt Batch 6,딩글 싱글몰트 위스키 배치 6
Lagg Batch 1,라그 배치 1
Lagg Batch 2,라그 배치 2
Lagg Batch 3,라그 배치 3
Rabbit Hole Larceny Barrel Proof,라세니 배럴 프루프
Larceny Small Batch,라세니 스몰 배치
Writers' Tears Cask Strength 2022,라이터즈 티얼즈 CS 2022
Lighthouse Blended,라이트하우스
Lark Classic Cask Single Malt,라크 클래식 캐스크 싱글몰트 위스키
Loch Island,락 아일랜드
Loch Island 10 Year Old,락 아일랜드 10년
Loch Oyster,락 오이스터
Lambay Small Batch Blend,람베이 스몰배치 블렌드
Rampur Asava,람푸르 아사바
Ragtime Rye Double Oak Cask Strength,래그타임 라이 더블오크 CS
Ragtime Rye Bottled in Bond,래그타임 라이 보틀드 인 본드
Rabbit Hole Dareringer,래빗 홀 데어린저
Red Cask 2009 Teaninich 12 Year Old,레드 캐스크 2009 티니닉 12년
Red Cask 2009 Teaninich 13 Year Old,레드 캐스크 2009 티니닉 13년
Red Cask 2013 Dailuaine 9 Year Old Cask Strength 1st Fill Oloroso Sherry Finish,레드 캐스크 2013 달유인 9년 CS 1st Fill 올로로쏘 셰리 캐스크 피니시
Rare Perfection 14 Year Old,레어 퍼펙션 14년
Lady of the Glen St. Bridget's Kirk #3,레이디 오브 더 글렌 세인트 브리짓 커크 #3
Ledaig 10 Year Old,레칙 10년
Ledaig 13 Year Old,레칙 13년
Ledaig 18 Year Old,레칙 18년
Ledaig Sinclair Series,레칙 싱클레어
Artist Ledaig 2007 La Maison du Whisky,아티스트 레칙 2007 LMDW
Brave New Spirits 2009 Ledaig 12 Year Old Rebels The Guerilla Casks,브레이브 뉴 스피리츠 2009 레칙 12년 레벨즈 더 게릴라 캐스크즈
Brave New Spirits 2013 Stoisha 7 Year Old Rebels The Guerilla Casks,브레이브 뉴 스피리츠 2013 스토이샤 7년 레벨즈 더 게릴라 캐스크즈
Ross & Squibb Straight Bourbon,로스 포 그레인 스트레이트 버번 위스키
Lost Distillery Archivist Micro Batch Selection Dalaruan,로스트 디스틸러리 아키비스트 마이크로 배치 셀렉션 달라루안
Lost Distillery Archivist Micro Batch Selection Lossit,로스트 디스틸러리 아키비스트 마이크로 배치 셀렉션 로짓
Lost Distillery Archivist Micro Batch Selection Stratheden,로스트 디스틸러리 아키비스트 마이크로 배치 셀렉션 스트라덴
Lost Distillery Archivist Micro Batch Selection Jericho,로스트 디스틸러리 아키비스트 마이크로 배치 셀렉션 제리코
Lost Distillery Archivist Micro Batch Selection Towiemore,로스트 디스틸러리 아키비스트 마이크로 배치 셀렉션 토위모어
Lost Distillery Classic Selection Lossit,로스트 디스틸러리 클래식 셀렉션 로짓
Lost Distillery Classic Selection Stratheden,로스트 디스틸러리 클래식 셀렉션 스트라덴
Lost Distillery Classic Selection Jericho,로스트 디스틸러리 클래식 셀렉션 제리코
Lost Distillery Classic Selection Towiemore,로스트 디스틸러리 클래식 셀렉션 토위모어
Royal Crystal 32 Year Old,로얄 크리스탈 32년
Rowan's Creek,로완스 크릭
Rosebank 30 Year Old,로즈뱅크 30년
Rosebank 31 Year Old,로즈뱅크 31년
Rossville Union Master Crafted Straight Rye,로즈빌 유니온 마스터 크래프트 스트레이트 라이
Rossville Union Barrel Proof Rye,로즈빌 유니온 배럴 프루프 라이
Rosebank Rosie's Well 12 Year Old 2023 Special Release,로즈아일 12년 SR 2023
Rosebank Rosie's Well 12 Year Old 2024 Special Release,로즈아일 12년 SR 2024
Rosebank Rosie's Well 14 Year Old 2025 Special Release,로즈아일 14년 SR 2025
Lochlea 6 Year Old,로크리 6년
Lochlea 7 Year Old,로크리 7년
Lochlea Cask Strength Batch 3,로크리 CS 배치 3
Lochlea Dark Brier,로크리 다크 브라이어
Lochlea Red Wine Cask #1,로크리 레드 와인 캐스크 #1
Lochlea Smoke Without Fire,로크리 스모크 위드아웃 파이어
Lochlea Our Barley,로크리 아워 발리
Lochlea Overton Stout Cask Finish,로크리 오버톤 스타우트 캐스크 피니시
Lochlea Ochiltree,로크리 오챠드 앤 오크
Lochlea Korean Single Cask Big Dream,로크리 코리안 싱글 캐스크 빅드림
Longmorn 22 Year Old Cask Strength Single Batch,롱몬 22년 CS 싱글 배치
Longmorn 23 Year Old,롱몬 23년
Roulette Premium,룰렛 프리미엄
Ryuca New Born 2024,류카 뉴 본 2024
Ryuca New Born 2025,류카 뉴 본 2025
Redemption Straight Bourbon Cognac Cask Batch 1,리뎀션 스트레이트 버번 꼬냑 캐스크 배치 1
Redemption Straight Bourbon Cognac Cask Batch 2,리뎀션 스트레이트 버번 꼬냑 캐스크 배치 2
Regent,리젠트
Liquid Treasures 2007 Girvan 15 Year Old,리퀴드 트레져 2007 기르반 15년
Liquid Treasures 2011 Auchroisk 11 Year Old,리퀴드 트레져 2011 오크로이스크 11년
Lindores Abbey Single Malt Bourbon Barrel,린도어스 싱글몰트 버번 배럴
Mannochmore 12 Year Old,마녹모어 12년
Matsui Daisen Sakura Cask Blended,마쓰이 다이센 사쿠라 캐스크 블렌디드 위스키
Matsui Single Malt Mizunara Cask,마쓰이 싱글몰트 미즈나라 캐스크
Matsui Single Malt Sakura Cask,마쓰이 싱글몰트 사쿠라 캐스크
Minor Case Rye,마이너 케이스 라이
Milam & Greene Single Barrel Straight Bourbon,마일람 앤 그린 싱글배럴 스트레이트 버번 위스키
Mad March Hare,매드 마치 헤어
McNamara Madeira Cask Finish,맥나마라 마데이라 캐스크 피니시
McNamara Classic,맥나마라 클래식
McNair's Rum Reek Blended Malt 12 Year Old,맥네어스 럼 릭 블렌디드 몰트 12년
McNair's Rum Reek Blended Malt 21 Year Old,맥네어스 럼 릭 블렌디드 몰트 21년
McCarthy's Single Malt 6 Year Old,맥카시 싱글몰트 6년
Murray McDavid Dailuaine 7 Year Old,머레이 맥데이비드 달유인 7년
Murray McDavid Mystery Malt Lennox Peat 4 Year Old,머레이 맥데이비드 미스터리 몰트 레녹스 피트 4년
Murray McDavid Mystery Malt Juniper Hill 6 Year Old,머레이 맥데이비드 미스터리 몰트 주니퍼 힐 6년
Murray McDavid Benrinnes 8 Year Old,머레이 맥데이비드 벤리네스 8년
Murray McDavid Benchmark Glen Garioch 11 Year Old,머레이 맥데이비드 벤치마크 글렌 기리 11년
Murray McDavid Benchmark Benrinnes 14 Year Old,머레이 맥데이비드 벤치마크 벤리네스 14년
Murray McDavid Benchmark Craigellachie 14 Year Old,머레이 맥데이비드 벤치마크 크라이겔라키 14년
Murray McDavid Benchmark Teaninich 9 Year Old,머레이 맥데이비드 벤치마크 티니닉 9년
Murray McDavid Select Grain North British 14 Year Old,머레이 맥데이비드 셀렉트 그레인 노스 브리티시 14년
Minoki,미노키
Midwinter Night's Dram,미드윈터 나잇 드램
Micklethwait The Sherry One,미클토어 더 셰리 원
Micklethwait The Original,미클토어 더 오리지널
Micklethwait The Chinkapin One,미클토어 더 친커핀 원
Micklethwait The Turbo,미클토어 더 터보
Blackadder Raw Cask Ardmore Single Cask 2008,블랙애더 로우 캐스크 디스틸러리 아드모어 싱글 캐스크 2008년 by 'DaL DaL'
Blackadder Raw Cask Ardmore Single Cask 2010,블랙애더 로우 캐스크 디스틸러리 아드모어 싱글 캐스크 2010년 by 'DaL DaL'
Blackadder Raw Cask Ladyburn 43 Year Old,블랙애더 로우 캐스크 레이디번 43년
Blackadder Raw Cask Legendary 9 Year Old Fiji Rum Cask,블랙애더 로우 캐스크 레전더리 9년 피지 럼 캐스크
Blackadder Raw Cask Miltonduff 10 Year Old,블랙애더 로우 캐스크 밀튼더프 10년
Blackadder Sherry Snake,블랙애더 셰리 스네이크
Blackadder Aberdeen Dufftown 10 Year Old,블랙애더 애버딘 더프타운 10년
Bladnoch Rioja,블라드녹 리오라
Bladnoch Vinaya,블라드녹 비나야
Bladnoch Samsara,블라드녹 삼사라
Bladnoch Alinta,블라드녹 알린타
Bladnoch Pure Scot Midnight Peat,블라드녹 퓨어 스콧 미드나이트 피트
Bladnoch Pure Scot Signature,블라드녹 퓨어 스콧 시그니처
Bladnoch 14 Year Old Oloroso Sherry Cask 2023,블라드녹 14년 올로로쏘 셰리 캐스크 2023
Bladnoch Single Cask 06 21 Year Old Manzanilla Sherry Hogshead,블라드녹 싱글 캐스크 06 #3198 21년 만자니아 셰리 혹스헤드
Bladnoch 30 Year Old,블라드녹 30년
Samaroli 1995 Glenburgie 28 Year Old,사마롤리 1995 글렌버기 28년
Samaroli 1997 Macduff 25 Year Old,사마롤리 1997 맥더프 25년
Samaroli Without Borders,사마롤리 위드아웃 보더스
Saburomaru Jyunenmo Noir,사브로마루 쥬넨모 누아
Saburomaru Jyunenmyo Rouge,사브로마루 쥬넨묘 루즈
Sasakawa Pine Blended,사사카와 파인 블렌디드 위스키
Sazerac Rye,사제락 라이
Svenska Eldvatten 1993 Tullibardine 24 Year Old,산시바 1993 툴리바딘 24년
Svenska Eldvatten 2012 High Coast 11 Year Old,산시바 2012 하이 코스트 11년
Svenska Eldvatten 20 Year Old Cask Strength,산시바 20년 CS
Svenska Eldvatten Blended 21 Year Old Cask Strength,산시바 블렌디드 21년 CS
Svenska Eldvatten Blended 21 Year Old Batch 04,산시바 블렌디드 21년 배치 04
Svenska Eldvatten Indiana Bourbon 9 Year Old,산시바 인디애나 버번 9년
Chabet R5 Whisky Lot No.5,샤베이 R5 위스키 Lot No.5
Chabet R5 Whisky Final Lot,샤베이 R5 위스키 파이널 Lot
Shackleton,섀클턴
Shanks Homestead Kentucky Sour Mash,쉥크스 홈스테드 켄터키 사워 매시 위스키
Smoke Wagon Batch 151B,스모크 웨건 배치 151b
Smoky Scot,스모키 스캇
Scottish Leader 30 Year Old,스코티쉬 리더 30년
Scottish Leader Supreme,스코티시 리더 슈프림
Starward Nova,스타워드 노바 싱글몰트 위스키
Starward Muscat,스타워드 머스캣
Starward Small Batch Chardonnay Cask,스타워드 스몰 배치 샤르도네 캐스크
Starward Octave Barrel,스타워드 옥타브 배럴 싱글몰트 위스키
Starward Two-Fold Double Grain,스타워드 투-폴드 더블 그레인 위스키
Starward Fortis,스타워드 포티스 싱글몰트 위스키
Stellum Bourbon,스텔럼 버번
Stauning Rye Malt,스토크 클럽 라이 몰트 위스키
Speyside River Bourbon Cask Finish,스페이 리버 버번 캐스크 피니시
Speyside River Sherry Cask Finish,스페이 리버 셰리 캐스크 피니시
Spencerfield 50th Anniversary Founder's Reserve 2012,스펜서 콜링스 50주년 파운더스 리저브 2012
Shindo Cores 02,신도 코어스 02
Sakurao Single Malt Sherry Cask Stillman's Selection,싱글몰트 재패니즈 위스키 사쿠라오 셰리 캐스크 스틸맨스 셀렉션
Sakurao Single Malt Sauternes Cask Finish,싱글몰트 재패니즈 위스키 사쿠라오 소테른 캐스크 피니시
Kuju The First Single Malt Cask Strength,싱글몰트 재패니즈 위스키 쿠주 더 퍼스트 CS
Sir Edward's,써 에드워드
Sir Edward's Smoky,써 에드워드 스모키
Something Special 1793,썸띵 스페셜 1793
Seaweed & Eon & Digging & Fire 10 Year Old,씨위드 앤 에온 앤 디깅 앤 파이어 10년
Seaweed & Eon & Digging & Fire Cask Strength 10 Year Old Batch 6,씨위드 앤 에온 앤 디깅 앤 파이어 CS 10년 배치 6
Ardnahoe Bolsa,아드나호 볼사
Ardmore Legacy,아드모어 레거시
Armorik Double Maturation,아모릭 더블 매튜레이션
Armorik Sherry Cask,아모릭 셰리 캐스크
Armorik Classic,아모릭 클래식
Irish Rover,아이리시 로버 위스키
Isle of Skye 12 Year Old,아일 오브 스카이 12년
Isle of Skye 18 Year Old,아일 오브 스카이 18년
Isle of Skye 21 Year Old,아일 오브 스카이 21년
Isle of Skye 25 Year Old,아일 오브 스카이 25년
Isle of Skye 30 Year Old,아일 오브 스카이 30년
Akkeshi Risshun,아케시 리슌
Akkeshi Shoman,아케시 쇼만
Akkeshi Keichitsu,아케시 케이칫수
Artur 2004 Tokaji Burgundy Single Cask Osiris Select,아투르 2004 토카이 버건디 싱글 캐스크 오시리스 셀렉트
Alfred Giraud Voyage,알프레드 지로 보야지
Alfred Giraud One Odyssee,알프레드 지로 원 오디세
Alfred Giraud Harmonie,알프레드 지로 하모니
Alfred Giraud Heritage,알프레드 지로 헤리티지
Alfred Giraud Horizon,알프레드 지로 호라이즌
Amrut Naarangi,암룻 나랑기
Amrut Tripwala,암룻 트리팔바
Aber Falls Welsh,애버 폴스 웨일즈
Aberfeldy 15 Year Old Napa Valley Red Wine Cask Finish,애버펠디 15년 나파 밸리 레드 와인 캐스크 피니시
Aberfeldy 15 Year Old Cadillac White Wine Cask Finish,애버펠디 15년 캐딜락 화이트 와인 캐스크 피니시
Ezra 99,에즈라 99
Angel's Nectar Rioja Cask,엔젤스 넥타 리오하
Ailsa Bay 10 Year Old,엘스번 10년
Yellowstone Select,옐로우스톤 셀렉트
Omar Single Malt Cask Strength Plum Liqueur Barrel Finish,오마르 싱글몰트 CS 플럼 리큐르 배럴 피니시
Omar Single Malt Bourbon Type,오마르 싱글몰트 버번 타입
Omar Single Malt Sherry Type,오마르 싱글몰트 셰리 타입
Ohishi Malt Chestnut Barrel,오스즈 몰트 체스트넛 배럴
Auchroisk 10 Year Old,오크로이스크 10년
Auchroisk 9 Year Old Artist Series,오크로이스크 9년 아티스트 시리즈
Old Ballantruan 10 Year Old,올드 발란트루안 10년
Old Virginia Original,올드 버지니아 오리지널
Old Smuggler,올드 스머글러
Old Ezra 7 Year Old Barrel Strength,올드 에즈라 7년 배럴 스트렝스
Old Pulteney Coastal Series Pineau des Charentes,올드 풀트니 코스탈 시리즈 피노 데 샤랑뜨
Old Pulteney Flotilla 2012,올드 풀트니 플로틸라 2012
Old Man Winter,올드맨 윈터
Wildmoor 30 Year Old,와일드무어 30년
Wildmoor 30 Year Old Tropical Coast,와일드무어 30년 트로피컬 코스트
Wildmoor 40 Year Old,와일드무어 40년
Wildmoor Ancient Moorland 23 Year Old Oloroso Sherry Finish,와일드무어 에인션트 무어랜드 23년 올로로쏘 셰리 캐스크 피니시
Wattyboone & Sons 11 Year Old,와티분 앤 선즈 11년
Game of Thrones Dalwhinnie Winter's Frost,왕좌의 게임 달위니 윈터스 프로스트
Game of Thrones Cardhu Gold Reserve,왕좌의 게임 카듀 골드 리저브
Umiki,우미키
Waterford The Cuvee,워터포드 더 뀌베
Waterford Biodynamic Luna 1.1,워터포드 바이오다이나믹 루나 1.1
Waterford Single Farm Origin Lakefield,워터포드 싱글 팜 오리진 레이크 필드
Waterford Single Farm Origin Hook Head,워터포드 싱글 팜 오리진 훅 헤드
Waterford Arcadian Organic Gaia 1.1,워터포드 아카디안 오가닉 가이아 1.1
Westward American Single Malt,웨스트워드 아메리칸 싱글몰트
Westward American Single Malt Cask Strength,웨스트워드 아메리칸 싱글몰트 CS
Westward American Single Malt Stout Cask,웨스트워드 아메리칸 싱글몰트 스타우트 캐스크
Westward American Single Malt Pinot Noir Cask,웨스트워드 아메리칸 싱글몰트 피노 누아 캐스크
Wee Smoky,위 스모키
Whisky Age 2008 Benrinnes 16 Year Old Cask Carnival 2025,위스키 에이지 2008 벤리네스 16년 캐스크 카니발 2025
Windsor W Signature 12 Year Old,윈저 W 시그니처 12년
Wilson & Morgan 2009 Benrinnes 14 Year Old Cask Strength,윌슨앤모건 2009 벤리네스 14년 CS
Wilson & Morgan 2013 Benrinnes 9 Year Old,윌슨앤모건 2013 벤리네스 9년
Wilson & Morgan 2013 Bunnahabhain 10 Year Old Cask Strength,윌슨앤모건 2013 비탄 10년 CS
Inver House 35 Year Old,인버 하우스 35년
Indri Trini Cask Strength,인드리 드루 CS
Iliach,일리악
Imperial 12 Year Old,임페리얼 12년
Imperial 12 Year Old Black,임페리얼 12년 블랙
Imperial 17 Year Old Black,임페리얼 17년 블랙
Imperial Quantum 19 Year Old,임페리얼 퀀텀 19년
Zackariah Harris,자카리아 해리스
James Chris Straight Bourbon 3 Year Old,제임스 크리스 스트레이트 버번 위스키 3년
James Chris Straight Bourbon 4 Year Old,제임스 크리스 스트레이트 버번 위스키 4년
James King Red,제임스 킹 레드
James King Blue 5 Year Old,제임스 킹 블루 5년
Johnny Drum Black Label,조니 드럼 블랙 라벨
John Walker & Sons Odyssey,존 워커 앤 선즈 오디세이
Chapter 7 Cambus 33 Year Old,챕터7 캠버스 33년
Chapter 7 Chronicles 8 Year Old,챕터7 크로니클 8년
Cheetah,치타
Cardhu 14 Year Old 2021 Special Release,카듀 14년 SR 2021
Cardhu 16 Year Old 2022 Special Release,카듀 16년 SR 2022
Cameron Bridge 26 Year Old 2022 Special Release,카메론 브릿지 26년 SR 2022
Catto's 25 Year Old,카토스 25년(구형)
Cardhu Cardow 30 Year Old,카퍼도닉 30년
Kalahill,칼라힐
Campbeltown Haven 11 Year Old,캠벨타운 헤이븐 11년
Cane & Grain Auchroisk 16 Year Old,케인 앤 그레인 오크로이스크 16년
Cane & Grain Tormore 13 Year Old,케인 앤 그레인 토모어 13년
Kentucky Owl Rye 10 Year Old Batch 4,켄터키 아울 라이 10년 배치 4
Kentucky Owl Straight Bourbon,켄터키 아울 스트레이트 버번
Kentucky Owl Straight Bourbon Batch 10,켄터키 아울 스트레이트 버번 배치 10
Kentucky Owl Straight Bourbon Batch 11,켄터키 아울 스트레이트 버번 배치 11
Kentucky Owl Straight Bourbon Batch 9,켄터키 아울 스트레이트 버번 배치 9
Kentucky Owl Confiscated,켄터키 아울 콘피스케이티드
Kentucky Gentleman Bourbon,켄터키 젠틀맨 버번
Komagatake IPA Cask 2021,코마가타게 ipa 2021
Komagatake x Chichibu Malt Duo,코마가타게 × 치치부 몰트 듀오
Komagatake Yakushima 2020,코마가타게 야쿠시마 2020
Convalmore 1984 32 Year Old Cask Strength,콘발모어 1984 32년 CS
Continental Whisky Yellow Label,콘티넨탈 위스키 옐로우 라벨
Koo Bokan Rum Cask 12 Year Old,쿠 보칸 럼캐스크 12년
Kura Rum Cask,쿠라 럼 캐스크
Kura Classic,쿠라 클래식
Crown Royal Fine Deluxe,크라운 로얄 파인 디럭스
Clynelish 10 Year Old 2023 Special Release,크라이넬리쉬 10년 SR 2023
Clynelish 12 Year Old 2022 Special Release,크라이넬리쉬 12년 SR 2022
Clynelish 18 Year Old,크라이넬리쉬 18년
Clynelish 18 Year Old 2025 Special Release,크라이넬리쉬 18년 SR 2025
Craftbros Galaxy Express 999 #50,크래프트브로스 은하철도999 50
Craftbros Galaxy Express 999 #52,크래프트브로스 은하철도999 52
Craftbros Galaxy Express 999 Captain Harlock Mizunara Cask,크래프트브로스 은하철도999 하록선장 미즈나라 캐스크
Craftbros Jegi Kim Chang Soo,크래프트브로스 제기 김창수
Craftbros Jegi Saburomaru,크래프트브로스 제기 사부로마루
Craftbros Jegi High Coast,크래프트브로스 제기 하이코스트
Christian Dally 1994 Tobermory 24 Year Old,크리스티안 덜리 1994 토버모리 24년
Kritown Speyside 28 Year Old,크리타운 스페이사이드 28년
Claymore,클레이모어
Cleveland Black Reserve Bourbon,클리블랜드 블랙 리저브 버번 위스키
Cleveland Underground Bourbon Black Cherry Wood Finish,클리블랜드 언더그라운드 버번 위스키 블랙 체리 우드 피니시
Cleveland Underground Bourbon Apple Wood Finish,클리블랜드 언더그라운드 버번 위스키 애플 우드 피니시
Kilkerran Single Cask 15 Year Old Bourbon Wood,킬커란 싱글 캐스크 15년 버번 우드
King of Scots,킹 어브 스카츠
King Whisky Rin,킹 위스키 린
Taebaek,태백
Turntable Smoking Leaf,턴테이블 스모킹 리프
Turntable x Starward Collaboration,턴테이블 스타워드 콜라보레이션
Turntable Track 1 Joy Discovery Invention,턴테이블 트랙1 조이 디스커버리 인벤션
Turntable Track 2 Firestarter,턴테이블 트랙2 파이어스타터
Turntable Track 3 Purple Haze,턴테이블 트랙3 퍼플 헤이즈
Turntable Paradise Funk,턴테이블 파라다이스 펑크
Tastyle Single Malt,테이스틸 싱글몰트
Tendo Whisky,텐도 위스키
Templeton Rye Maple Cask,템플턴 라이 메이플 캐스크
Templeton Fortitude Straight Bourbon,템플턴 포티튜드 스트레이트 버번
Togouchi Premium Blended,토고우치 블렌디드 프리미엄 위스키
Torabhaig The Legacy Series Allt Gleann Batch Strength,토라벡 더 레거시 시리즈 올트 글린 배치 스트렝스
Torabhaig Sound of Sleat Legacy 4,토라벡 사운드 오브 슬리트 레거시 4
Thomas H. Handy,토마스 에이치 핸디
Tomintoul Sherry Cask,토민타울 셰리
Tobermory 21 Year Old Oloroso Finish,토버모리 21년 올로로쏘 피니시
Tobermory 24 Year Old Oloroso Sherry Cask Finish,토버모리 24년 올로로쏘 셰리 캐스크 피니시
Thompson Bros Mystery Malt Series #6,톰슨 브로스 미스터리 몰트 시리즈 #6
Tullibardine 15 Year Old,툴리바딘 15년
Tullibardine 225 Sauternes Cask Finish,툴리바딘 225 소테른 캐스크 피니시
Tullibardine 228 Burgundy Cask Finish,툴리바딘 228 버건디 캐스크 피니시
Teaninich 10 Year Old,티니닉 10년
Teaninich 17 Year Old,티니닉 17년
Teaninich 8 Year Old 2025 Special Release,티니닉 8년 SR 2025
Pulkin Rare Teaninich,펄킨 레어 티니닉
Murray McDavid Benchmark Teaninich,머레이 맥데이비드 벤치마크 티니닉
Timorous Beastie,티모러스 비스티
Phantom The Original Reserve,팬텀 디 오리지널 리저브
Pulkin 49 Dailuaine,펄킨 49 달유인
Pulkin 49 Tullibardine,펄킨 49 툴리바딘
Pulkin Rare Inchgower,펄킨 레어 인치고워
Pulkin Ten,펄킨 텐
Porchguy 12 Year Old,포치 구 12년
Porchguy 21 Year Old,포치 구 21년
Porchguy 8 Year Old,포치 구 8년
Pokeno Discovery,포케노 디스커버리
Pokeno Origin,포케노 오리진
Port Askaig 28 Year Old,포트 애스케이그 28년
Port Askaig 45 Year Old,포트 애스케이그 45년
Port Askaig Single Cask 2010,포트 애스케이그 싱글 캐스크 2010
Port Charlotte PMC:01,포트샬롯 PMC : 01
Forty Creek Double Barrel,포티 크릭 더블 배럴
Forty Creek Barrel Select,포티 크릭 배럴 셀렉트
Few Straight Bourbon,퓨 스트레이트 버번 위스키
Provenance Benrinnes 10 Year Old,프로비넌스 벤리니스 10년
Provenance Tormore 10 Year Old,프로비넌스 토모어 10년
Fly Supreme Blended Scotch,플라이 슈프림 블렌디드 스카치 위스키
Pibroch Cask Strength,피브록 CS
Pearse The Original 5 Year Old Blend,피어스 디 오리지날 5년 블렌드
Pearse Distiller's Choice 7 Year Old Blend,피어스 디스틸러스 초이스 7년 블렌드
Fitz's Beast Batch Strength,피츠 비스트 배치 스트렝스
Finn Thomson 1988 Glen Garioch 36 Year Old,핀 톰슨 1988 글렌 기어리 36년
Finn Thomson 1998 North British 26 Year Old,핀 톰슨 1998 노스 브리티시 26년
Finn Thomson 2008 Fettercairn 15 Year Old,핀 톰슨 2008 패터케른 15년
Finn Thomson 2009 Ardmore 14 Year Old,핀 톰슨 2009 아드모어 14년
Finn Thomson 2012 Dailuaine 12 Year Old,핀 톰슨 2012 달유인 12년
Finn Thomson 2013 Craigellachie 11 Year Old,핀 톰슨 2013 크라이겔라키 11년
Finlaggan Red Wine Cask,핀라간 레드 와인 캐스크
Finlaggan Old Reserve,핀라간 올드 리저브
Highland Laird 2007 Glenburgie 18 Year Old,하이랜드 레어드 2007 글렌버기 18년
Highland Pride,하이랜드 프라이드
High Coast 2013 First Fill Oloroso Sherry Butt 12 Year Old,하이코스트 2013 퍼스트 필 올로로소 셰리 벗 12년
High Coast 2014 Cinco #2,하이코스트 2014 싱코 #2
High Coast 2016 7 Year Old 2nd Fill PX Viva la Vida Private Cask,하이코스트 2016 7년 2nd Fill PX 비바라비다 프라이빗 캐스크
High Coast Nordic Tales #1,하이코스트 노르딕 테일즈 #1
High Coast Roenhi Private Cask 2015 Oloroso Sherry 9 Year Old,하이코스트 로엔히 프라이빗 캐스크 2015 올로로쏘 셰리 9년 #2015-23
High Coast Roenhi Private Cask 2017 Moscatel,하이코스트 로엔히 프라이빗 캐스크 2017 모스카텔 #2022-737
High Coast Berg,하이코스트 베르그
High Coast Single Cask 2013 Oloroso Sherry,하이코스트 싱글 캐스크 2013 올로로쏘 셰리 #2013-1526
High Coast Timmer,하이코스트 티머
Halfpenny Original Blend,하페니 오리지날 위스키 블렌드
Hunter Laing Old Malt Cask Old Pulteney 19 Year Old,헌터랭 올드 몰트 캐스크 올드 풀트니 19년
Hunter Laing Hepburn's Choice Glentauchers 10 Year Old,헌터랭 햅번스 초이스 글렌토커스 10년
Hunter Laing Hepburn's Choice Benrinnes 9 Year Old,헌터랭 햅번스 초이스 벤리네스 9년
Hunter Laing Hepburn's Choice Auchroisk 11 Year Old,헌터랭 햅번스 초이스 오크로이스크 11년
Heaven's Door Double Barrel,헤븐스 도어 더블 배럴
Heaven's Door Straight Rye,헤븐스 도어 스트레이트 라이
Heaven's Door Straight Bourbon,헤븐스 도어 스트레이트 버번
Heaven Hill Bottled in Bond,헤븐힐 보틀드 인 본드 위스키
Whistler Double Oaked,휘슬러 더블 오크드
Whistler Blended Malt,휘슬러 블렌디드 몰트 위스키
Hinomaru Sakura Ra,히노마루 사쿠라 라
Hinomaru Signature 1823,히노마루 시그니처 1823
Baker's 7 Year Old,베이커스 7년
Bell's (Unspecified),벨즈
Bladnoch Single Cask 06 #3198 21 Year Old Manzanilla Sherry Hogshead,블라드녹 싱글 캐스크 06 #3198 21년 만자니아 셰리 혹스헤드
Starward Single Cask 2017 4 Year Old Metabev Korea III,스타워드 싱글 캐스크 2017 4년 메타베브 코리아 III
Starward Single Cask 2018 3 Year Old Metabev Korea II,스타워드 싱글 캐스크 2018 3년 메타베브 코리아 II
Starward Single Cask 2018 4 Year Old Metabev Korea I,스타워드 싱글 캐스크 2018 4년 메타베브 코리아 I
Starward Ginger Beer Cask #7,스타워드 진저 비어 캐스크 #7 싱글몰트 위스키
Starward Tawny #2,스타워드 토니 #2 싱글몰트 위스키
Abasolo El Whisky de Mexico,아바솔로 엘 위스키 데 멕시코
Windsor Black,윈저 블랙
Glenlossie 10 Year Old,글렌로지 10년
Real Spirit Single Barrel American Whiskey by Korea Bourbon Whisky Club,리얼 스피릿 싱글배럴 아메리칸 위스키 by 한국 버번 위스키 클럽
Striker Texas Smoked Single Malt by Korea Bourbon Whisky Club,스트라이커 텍사스 스모크드 싱글몰트 위스키 by 한국 버번 위스키 클럽
Bunnahabhain Kumquat Wine Barrel Cask Strength,버니빌 금귤 와인 배럴 CS
Bunnybeer Lemon Wine Barrel Cask Strength,버니빌 레몬 와인 배럴 CS
Bunnybeer Rose Wine Barrel Cask Strength,버니빌 로즈 와인 배럴 CS
Bunnybeer Lychee Wine Barrel Cask Strength,버니빌 리치 와인 배럴 CS
Bunnybeer Mulberry Wine Barrel Cask Strength,버니빌 멀베리 와인 배럴 CS
Bunnybeer Single Malt No.19,버니빌 싱글몰트 No.19
Bunnybeer Single Malt No.19 Cask Strength,버니빌 싱글몰트 No.19 CS
Bunnybeer Oolong Tea Barrel Cask Strength,버니빌 우롱차 배럴 CS
Burnt Ends Blended,번트 엔즈 블렌디드 위스키
Bernheim Original 7 Year Old Kentucky Straight Wheat Whiskey,번하임 오리지날 7년 켄터키 스트레이트 위트 위스키
Version Francaise Castaing 2017,베르시옹 프랑세즈 까스탄 2017
Version Francaise Aichane 2017,베르시옹 프랑세즈 아이칸 2017
Very Olde St. Nick Summer Rye Cask Strength,베리 올드 세인트 닉 썸머 라이 CS
Very Olde St. Nick Winter Rye,베리 올드 세인트 닉 윈터 라이
Very Olde St. Nick Faith and Conviction,베리 올드 세인트 닉 훼이스 앤 컨빅션
Benrinnes 2005 La Maison du Whisky,벤리너스 2005 LMDW
Benrinnes 21 Year Old 2024 Special Release,벤리네스 21년 SR 2024
Bomberger's Declaration Kentucky Straight Bourbon 2022 Release,보머거스 데클러레이션 켄터키 스트레이트 버번 위스키(2022 릴리즈)
Bomberger's Declaration Kentucky Straight Bourbon 2023 Release,보머거스 데클러레이션 켄터키 스트레이트 버번 위스키(2023 릴리즈)
Bomberger's Declaration Kentucky Straight Bourbon 2024 Release,보머거스 데클러레이션 켄터키 스트레이트 버번 위스키(2024 릴리즈)
Bomberger's Declaration Kentucky Straight Bourbon 2025 Release,보머거스 데클라레이션 켄터키 스트레이트 버번 위스키 (2025 릴리즈)
Voodoo Dailuaine 10 Year Old Mask of Death,부두 달유인 10년 마스크 오브 데스
Voodoo Tormore 11 Year Old Nailed Puppet,부두 토모어 11년 네일드 퍼핏
Broken Barrel Small Batch,브로큰 배럴 스몰 배치
Broken Barrel Cask Strength,브로큰 배럴 캐스크 스트렝스
Broken Barrel Cask Strength Reserve Oak Port Cask,브로큰배럴 CS 리저브 오크 포트 캐스크
Sang Som,생솜
Ichawa Fauna 2025,이카와 파우나 2025
Ichawa Flora 2024,이카와 플로라 2024
The Maltman Master Blend 25 Year Old,더 몰트맨 마스터 블렌드 25년
The Maltman Balblair 13 Year Old Single Cask Whisky Park Choice,더 몰트맨 발블레어 13yo SC 위스키파크 초이스
Balvenie DoubleWood 17 Year Old,발베니 더블우드 17년
