standard_whisky_name,image_url,source_url,license
Glenfiddich 12 Year Old,/images/whisky-thumbs/glenfiddich-12-year-old.png,https://d1e2y5wc27crnp.cloudfront.net/media/smartorder_reservation/product/thumbnail/05028049-f070-4779-aa52-9eabc5256dc3.webp,데일리샷 제품 리스팅 이미지 (배경 제거 후 자체 호스팅)
Glenfiddich 15 Year Old,/images/whisky-thumbs/glenfiddich-15-year-old.png,https://d1e2y5wc27crnp.cloudfront.net/media/smartorder_reservation/product/thumbnail/7de4fb45-8a7c-4bf3-a0f3-8123b59a9645.webp,데일리샷 제품 리스팅 이미지 (배경 제거 후 자체 호스팅)
Yamazaki 12 Year Old,/images/whisky-thumbs/yamazaki-12-year-old.png,https://d1e2y5wc27crnp.cloudfront.net/media/smartorder_reservation/product/thumbnail/26a7d93b-ede3-4827-9e1c-d4872d781b6e.webp,데일리샷 제품 리스팅 이미지 (배경 제거 후 자체 호스팅)
Royal Salute 21,/images/whisky-thumbs/royal-salute-21.png,https://d1e2y5wc27crnp.cloudfront.net/media/core/product/thumbnail/01069d3f-7f38-4ba4-9169-f8890fe52758.webp,데일리샷 제품 리스팅 이미지 (배경 제거 후 자체 호스팅)
The Glenlivet 12 Year Old,/images/whisky-thumbs/the-glenlivet.png,https://d1e2y5wc27crnp.cloudfront.net/media/core/product/thumbnail/2bb49f73-165c-4558-abf9-e48b71094052.webp,데일리샷 제품 리스팅 이미지 (배경 제거 후 자체 호스팅)
Johnnie Walker Blue Label,/images/whisky-thumbs/johnnie-walker-blue-label.png,https://d1e2y5wc27crnp.cloudfront.net/media/core/product/thumbnail/33324439-c42b-428c-bf9f-39ebbcd6f781.webp,데일리샷 제품 리스팅 이미지 (배경 제거 후 자체 호스팅)
Johnnie Walker Black Label,/images/whisky-thumbs/johnnie-walker-black-label.png,https://d1e2y5wc27crnp.cloudfront.net/media/core/product/thumbnail/96860755-7531-4a41-93c8-4f9711573ab9.webp,데일리샷 제품 리스팅 이미지 (배경 제거 후 자체 호스팅)
Balvenie DoubleWood 12 Year Old,/images/whisky-thumbs/balvenie-doublewood-12-year-old.png,https://d1e2y5wc27crnp.cloudfront.net/media/smartorder_reservation/product/thumbnail/daaf7fc3-0abb-4aea-9001-c2fa450e2fd5.webp,데일리샷 제품 리스팅 이미지 (배경 제거 후 자체 호스팅)
Glenallachie 15,/images/whisky-thumbs/glenallachie-15.png,https://d1e2y5wc27crnp.cloudfront.net/media/smartorder_reservation/product/thumbnail/6a64ad73-c93e-4fc9-bf5a-157928312b1c.webp,데일리샷 제품 리스팅 이미지 (배경 제거 후 자체 호스팅)
Glendronach 12,/images/whisky-thumbs/glendronach-12.png,https://d1e2y5wc27crnp.cloudfront.net/media/core/product/thumbnail/df904bab-f640-4ccf-9e6f-6e88f9bf0786.webp,데일리샷 제품 리스팅 이미지 (배경 제거 후 자체 호스팅)
The Singleton of Dufftown 15 Year Old,/images/whisky-thumbs/the-singleton-of-dufftown-15-year-old.png,https://d1e2y5wc27crnp.cloudfront.net/media/core/product/thumbnail/755aa490-99ca-40ce-9563-43ca49acbfc9.webp,데일리샷 제품 리스팅 이미지 (배경 제거 후 자체 호스팅)
Macallan 12 Sherry Oak,/images/whisky-thumbs/macallan-12-sherry-oak.png,https://d1e2y5wc27crnp.cloudfront.net/media/smartorder_reservation/product/thumbnail/c2f0bd6b-9bef-4f62-8eed-c1de400aa3c1.webp,데일리샷 제품 리스팅 이미지 (배경 제거 후 자체 호스팅)
Ballantine's 21 Year Old,/images/whisky-thumbs/ballantine-s-21-year-old.png,https://d1e2y5wc27crnp.cloudfront.net/media/core/product/thumbnail/cfadde84-7054-473e-81e2-d9e39fbb9095.webp,데일리샷 제품 리스팅 이미지 (배경 제거 후 자체 호스팅)
Black Circle MAX,/images/whisky-thumbs/black-circle-max.png,https://www.mt.co.kr/living/2026/07/13/2026071315245494881,머니투데이 보도사진(세븐일레븐 제공) 크롭 후 배경 제거
Lagavulin 16 Year Old,/images/whisky-thumbs/lagavulin-16-year-old-v2.png,https://d1e2y5wc27crnp.cloudfront.net/media/core/product/thumbnail/1fe14d73-35f1-480f-8cb5-6234f814f643.webp,데일리샷 제품 리스팅 이미지 (배경 제거 후 자체 호스팅)
Kavalan Solist Vinho Barrique Single Cask Strength,/images/whisky-thumbs/kavalan-solist-vinho-barrique-v2.png,https://d1e2y5wc27crnp.cloudfront.net/media/core/product/thumbnail/400c9b22-a593-4692-a147-ef036c2d1062.webp,데일리샷 제품 리스팅 이미지 (배경 제거 후 자체 호스팅)
Glenfiddich 18 Year Old,/images/whisky-thumbs/glenfiddich-18-year-old-v1.png,https://d1e2y5wc27crnp.cloudfront.net/media/smartorder_reservation/product/thumbnail/ddc0e5b6-b7dc-4cc0-a46f-c12808e9e5a9.webp,데일리샷 제품 리스팅 이미지 (배경 제거 후 자체 호스팅)
Johnnie Walker Double Black,/images/whisky-thumbs/johnnie-walker-double-black.png,https://commons.wikimedia.org/wiki/File:JW_Double_Black.jpg,Wikimedia Commons (배경 제거 후 자체 호스팅)
Suntory Kakubin,/images/whisky-thumbs/suntory-kakubin.png,https://commons.wikimedia.org/wiki/File:Suntory_Kakubin.jpg,"Wikimedia Commons (구형 라벨 병 - 육각 각병 형태는 동일, 배경 제거 후 자체 호스팅)"
Miraon Almost There,/images/whisky-thumbs/miraon-almost-there-v2.png,https://smartstore.naver.com (사용자 제공 스크린샷),사용자가 직접 전달한 제품 사진 - 스튜디오 컷 재교체 (배경 제거 후 자체 호스팅)
Chivas Regal 12 Year Old,/images/whisky-thumbs/chivas-regal-12-year-old.png,https://d1e2y5wc27crnp.cloudfront.net/media/core/product/thumbnail/de176965-f1af-4b62-acb4-33c7ed66dabf.webp,데일리샷 제품 리스팅 이미지 (배경 제거 후 자체 호스팅)
Balvenie (Unspecified),/images/whisky-thumbs/balvenie-doublewood-12-year-old.png,https://d1e2y5wc27crnp.cloudfront.net/media/smartorder_reservation/product/thumbnail/daaf7fc3-0abb-4aea-9001-c2fa450e2fd5.webp,데일리샷 제품 리스팅 이미지 - 발베니 대표 제품(더블우드 12년) 사진으로 대체 (배경 제거 후 자체 호스팅)
Glenfarclas 25 Year Old,/images/whisky-thumbs/glenfarclas-25-year-old.png,https://d1e2y5wc27crnp.cloudfront.net/media/smartorder_reservation/product/thumbnail/443eab66-dbd3-41e3-a889-c5e3fc608115.webp,데일리샷 제품 리스팅 이미지 (배경 제거 후 자체 호스팅)
Glenmorangie (Unspecified),/images/whisky-thumbs/glenmorangie-unspecified.png,https://d1e2y5wc27crnp.cloudfront.net/media/core/product/thumbnail/1a57a190-466f-483b-a30f-0ca521c9d2f7.webp,데일리샷 제품 리스팅 이미지 - 글렌모렌지 대표 제품(오리지널 10년) 사진으로 대체 (배경 제거 후 자체 호스팅)
Hibiki (Unspecified),/images/whisky-thumbs/hibiki-unspecified.png,https://d1e2y5wc27crnp.cloudfront.net/media/core/product/thumbnail/783c624c-2e4c-414f-945e-2db22507feb2.webp,데일리샷 제품 리스팅 이미지 - 히비키 대표 제품(하모니) 사진으로 대체 (배경 제거 후 자체 호스팅)
Kavalan Single Malt Whisky,/images/whisky-thumbs/kavalan-single-malt-whisky.png,https://d1e2y5wc27crnp.cloudfront.net/media/core/product/thumbnail/81c1c1ec-2689-4312-8d22-792274b2ab62.webp,데일리샷 제품 리스팅 이미지 (배경 제거 후 자체 호스팅)
Laphroaig 15,/images/whisky-thumbs/laphroaig-15.png,https://d1e2y5wc27crnp.cloudfront.net/media/core/product/thumbnail/5ff88d33-71a0-4941-bf11-af708387c266.webp,데일리샷 제품 리스팅 이미지 - 200주년 기념 리미티드 에디션 (배경 제거 후 자체 호스팅)
Octomore 14.1,/images/whisky-thumbs/octomore-14-1.png,https://d1e2y5wc27crnp.cloudfront.net/media/core/product/thumbnail/42b3c945-878d-43d5-95d3-9fd549476c77.webp,데일리샷 제품 리스팅 이미지 (배경 제거 후 자체 호스팅)
Springbank (Unspecified),/images/whisky-thumbs/springbank-unspecified.png,https://d1e2y5wc27crnp.cloudfront.net/media/smartorder_reservation/product/thumbnail/9352ccfe-541d-4df5-8690-d4db165da1d9.webp,데일리샷 제품 리스팅 이미지 - 스프링뱅크 대표 제품(10년) 사진으로 대체 (배경 제거 후 자체 호스팅)
Wild Turkey 101,/images/whisky-thumbs/wild-turkey-101.png,https://d1e2y5wc27crnp.cloudfront.net/media/smartorder_reservation/product/thumbnail/5bb84c6f-0dd4-4379-b871-2534df8cb14f.webp,데일리샷 제품 리스팅 이미지 (배경 제거 후 자체 호스팅)
Nikka Frontier,/images/whisky-thumbs/nikka-frontier.png,https://d1e2y5wc27crnp.cloudfront.net/media/core/product/thumbnail/bc0b2d1d-abd5-4481-aa13-d1527de36222.webp,데일리샷 제품 리스팅 이미지 (배경 제거 후 자체 호스팅)
Dewar's 12 Year Old,/images/whisky-thumbs/dewars-12-year-old.png,https://d1e2y5wc27crnp.cloudfront.net/media/core/product/thumbnail/4046189b-94ca-48d8-8469-e9a9901fee31.webp,데일리샷 제품 리스팅 이미지 (배경 제거 후 자체 호스팅)
Hibiki 12 Year Old,/images/whisky-thumbs/hibiki-12-year-old.png,https://d1e2y5wc27crnp.cloudfront.net/media/core/product/thumbnail/be62e191-d3a9-4657-b49d-e844053f2182.webp,데일리샷 제품 리스팅 이미지 (배경 제거 후 자체 호스팅)
Evan Williams Black,/images/whisky-thumbs/evan-williams-black.png,https://d1e2y5wc27crnp.cloudfront.net/media/smartorder_reservation/product/thumbnail/f5cfc57c-1083-40b1-83d1-f0f0039cce86.webp,데일리샷 제품 리스팅 이미지 (배경 제거 후 자체 호스팅)
Russell's Reserve Single Barrel,/images/whisky-thumbs/russells-reserve-single-barrel.png,https://d1e2y5wc27crnp.cloudfront.net/media/core/product/thumbnail/52639fac-d87c-43b8-8cd1-3fa67910554e.webp,데일리샷 제품 리스팅 이미지 (배경 제거 후 자체 호스팅)
Woodford Reserve Double Oaked,/images/whisky-thumbs/woodford-reserve-double-oaked.png,https://d1e2y5wc27crnp.cloudfront.net/media/core/product/thumbnail/a0d25c5d-ed9e-4125-ae59-88cc302d15a3.webp,데일리샷 제품 리스팅 이미지 (배경 제거 후 자체 호스팅)
Jim Beam White Label,/images/whisky-thumbs/jim-beam-white-label.png,https://d1e2y5wc27crnp.cloudfront.net/media/smartorder_reservation/product/thumbnail/8d378157-5a01-4954-964f-45e8d4cf1103.webp,데일리샷 제품 리스팅 이미지 (배경 제거 후 자체 호스팅)
Four Roses Straight Bourbon,/images/whisky-thumbs/four-roses-straight-bourbon.png,https://d1e2y5wc27crnp.cloudfront.net/media/smartorder_reservation/product/thumbnail/65a18b42-c303-4b84-8c86-d511f04b58f2.webp,데일리샷 제품 리스팅 이미지 (배경 제거 후 자체 호스팅)
Johnnie Walker Green Label,/images/whisky-thumbs/johnnie-walker-green-label.png,https://d1e2y5wc27crnp.cloudfront.net/media/core/product/thumbnail/b27f95aa-ac8a-4ebb-b0df-44689e32658e.webp,데일리샷 제품 리스팅 이미지 (배경 제거 후 자체 호스팅)
1792 Small Batch Bourbon,/images/whisky-thumbs/1792-small-batch-bourbon.png,https://d1e2y5wc27crnp.cloudfront.net/media/core/product/thumbnail/f3c2ad16-0cef-4967-a071-4fa523d4f20c.webp,데일리샷 제품 리스팅 이미지 (배경 제거 후 자체 호스팅)
Bulleit Bourbon,/images/whisky-thumbs/bulleit-bourbon.png,https://d1e2y5wc27crnp.cloudfront.net/media/core/product/thumbnail/6242ccce-1095-45b4-a542-3de1f7d6530d.webp,데일리샷 제품 리스팅 이미지 (배경 제거 후 자체 호스팅)
Mr. Boston Straight Bourbon,/images/whisky-thumbs/mr-boston-straight-bourbon.png,https://d1e2y5wc27crnp.cloudfront.net/media/smartorder_reservation/product/thumbnail/7c1bc09c-51cf-4b9f-90fb-52e18f4d962b.webp,데일리샷 제품 리스팅 이미지 (배경 제거 후 자체 호스팅)
Wild Turkey Rare Breed,/images/whisky-thumbs/wild-turkey-rare-breed.png,https://d1e2y5wc27crnp.cloudfront.net/media/core/product/thumbnail/7bfc8112-fa12-4c35-9475-39f126c6db2c.webp,데일리샷 제품 리스팅 이미지 (배경 제거 후 자체 호스팅)
Maker's Mark Cask Strength,/images/whisky-thumbs/makers-mark-cask-strength.png,https://d1e2y5wc27crnp.cloudfront.net/media/core/product/thumbnail/cbea2e95-a01e-41f7-8e19-3120ca6cbe40.webp,데일리샷 제품 리스팅 이미지 (배경 제거 후 자체 호스팅)
Teacher's Highland Cream,/images/whisky-thumbs/teacher-s-highland-cream.png,https://d1e2y5wc27crnp.cloudfront.net/media/core/product/thumbnail/84fe97a2-118d-4813-93b6-c2aebd1efc99.webp,데일리샷 제품 리스팅 이미지 (배경 제거 후 자체 호스팅)
Monkey Shoulder,/images/whisky-thumbs/monkey-shoulder.png,https://d1e2y5wc27crnp.cloudfront.net/media/core/product/thumbnail/36feed36-1f37-43fc-9b27-5a75e6f497ae.webp,데일리샷 제품 리스팅 이미지 (배경 제거 후 자체 호스팅)
Laphroaig 10,/images/whisky-thumbs/laphroaig-10.png,https://d1e2y5wc27crnp.cloudfront.net/media/core/product/thumbnail/9eedaac0-7b8a-4ad4-99d1-2a8be6e1f8b5.webp,데일리샷 제품 리스팅 이미지 (배경 제거 후 자체 호스팅)
Ardbeg 10,/images/whisky-thumbs/ardbeg-10.png,https://d1e2y5wc27crnp.cloudfront.net/media/core/product/thumbnail/28b83359-5432-4df8-8d3e-e1a84299ece9.webp,데일리샷 제품 리스팅 이미지 (배경 제거 후 자체 호스팅)
Redbreast 12 Year Old,/images/whisky-thumbs/redbreast-12-year-old.png,https://d1e2y5wc27crnp.cloudfront.net/media/smartorder_reservation/product/thumbnail/0d4b8bdf-6de5-4523-8204-9e4cf5517b09.webp,데일리샷 제품 리스팅 이미지 (배경 제거 후 자체 호스팅)
Talisker 10 Year Old,/images/whisky-thumbs/talisker-10-year-old.png,https://d1e2y5wc27crnp.cloudfront.net/media/core/product/thumbnail/0c1ed523-344c-43da-9e4c-a45f68229d4d.webp,데일리샷 제품 리스팅 이미지 (배경 제거 후 자체 호스팅)
Nikka From The Barrel,/images/whisky-thumbs/nikka-from-the-barrel.png,https://d1e2y5wc27crnp.cloudfront.net/media/core/product/thumbnail/eb4756da-6bfc-4f93-a3e1-19307d86ab58.webp,데일리샷 제품 리스팅 이미지 (배경 제거 후 자체 호스팅)
Hibiki Japanese Harmony,/images/whisky-thumbs/hibiki-japanese-harmony.png,https://d1e2y5wc27crnp.cloudfront.net/media/core/product/thumbnail/783c624c-2e4c-414f-945e-2db22507feb2.webp,데일리샷 제품 리스팅 이미지 (배경 제거 후 자체 호스팅)
The Dalmore 12 Year Old,/images/whisky-thumbs/the-dalmore-12-year-old.png,https://d1e2y5wc27crnp.cloudfront.net/media/core/product/thumbnail/7dd768ba-1c33-43e4-8f47-62ffc6930b28.webp,데일리샷 제품 리스팅 이미지 (배경 제거 후 자체 호스팅)
Bunnahabhain 12 Year Old,/images/whisky-thumbs/bunnahabhain-12-year-old.png,https://d1e2y5wc27crnp.cloudfront.net/media/core/product/thumbnail/ae67d799-5936-4eed-b64a-048b9136c627.webp,데일리샷 제품 리스팅 이미지 (배경 제거 후 자체 호스팅)
Jameson Standard,/images/whisky-thumbs/jameson-standard.png,https://d1e2y5wc27crnp.cloudfront.net/media/smartorder_reservation/product/thumbnail/f2e156b0-ced8-4640-a8c9-f89aa6816167.webp,데일리샷 제품 리스팅 이미지 (배경 제거 후 자체 호스팅)
The Glenlivet 15 Year Old,/images/whisky-thumbs/the-glenlivet-15-year-old.png,https://d1e2y5wc27crnp.cloudfront.net/media/core/product/thumbnail/2e423322-8c10-4e0b-af30-0a35ec3172cc.webp,데일리샷 제품 리스팅 이미지 (배경 제거 후 자체 호스팅)
The Glenlivet 18 Year Old,/images/whisky-thumbs/the-glenlivet-18-year-old.png,https://d1e2y5wc27crnp.cloudfront.net/media/core/product/thumbnail/104e8f07-f4c9-43a8-9220-fdd455ad8edd.webp,데일리샷 제품 리스팅 이미지 (배경 제거 후 자체 호스팅)
Balvenie 15,/images/whisky-thumbs/balvenie-15.png,https://d1e2y5wc27crnp.cloudfront.net/media/smartorder_reservation/product/thumbnail/d3f32a9f-6e82-434b-ba66-470356388c67.webp,데일리샷 제품 리스팅 이미지 (배경 제거 후 자체 호스팅)
Tamdhu 15 Year Old,/images/whisky-thumbs/tamdhu-15-year-old.png,https://d1e2y5wc27crnp.cloudfront.net/media/smartorder_reservation/product/thumbnail/af466972-03c4-4d50-aec9-c97febe3b8f5.webp,데일리샷 제품 리스팅 이미지 (배경 제거 후 자체 호스팅)
Benromach 10 Year Old,/images/whisky-thumbs/benromach-10-year-old.png,https://d1e2y5wc27crnp.cloudfront.net/media/core/product/thumbnail/5b83a022-8913-42fa-8625-35d2b4227bae.webp,데일리샷 제품 리스팅 이미지 (배경 제거 후 자체 호스팅)
Springbank 10 Year Old,/images/whisky-thumbs/springbank-10-year-old.png,https://d1e2y5wc27crnp.cloudfront.net/media/smartorder_reservation/product/thumbnail/9352ccfe-541d-4df5-8690-d4db165da1d9.webp,데일리샷 제품 리스팅 이미지 (배경 제거 후 자체 호스팅)
Johnnie Walker XR 21,/images/whisky-thumbs/johnnie-walker-xr-21.png,https://d1e2y5wc27crnp.cloudfront.net/media/core/product/thumbnail/5a8d5528-c7b1-4e7f-97c3-653e6c207a04.webp,데일리샷 제품 리스팅 이미지 (배경 제거 후 자체 호스팅)
Old Forester Statesman,/images/whisky-thumbs/old-forester-statesman.png,https://d1e2y5wc27crnp.cloudfront.net/media/core/product/thumbnail/9b314b1c-b471-4f40-9ac0-023d937d0564.webp,데일리샷 제품 리스팅 이미지 (배경 제거 후 자체 호스팅)
Wild Turkey Longbranch,/images/whisky-thumbs/wild-turkey-longbranch.png,https://d1e2y5wc27crnp.cloudfront.net/media/smartorder_reservation/product/thumbnail/c52e6553-39d9-428e-a7b2-903e171e1b07.webp,데일리샷 제품 리스팅 이미지 (배경 제거 후 자체 호스팅)
Glendronach 18,/images/whisky-thumbs/glendronach-18.png,https://d1e2y5wc27crnp.cloudfront.net/media/core/product/thumbnail/b71ca0c2-eee5-466b-90eb-91e63e71fcc7.webp,데일리샷 제품 리스팅 이미지 (배경 제거 후 자체 호스팅)
Jim Beam Black Extra Aged,/images/whisky-thumbs/jim-beam-black-extra-aged.png,https://d1e2y5wc27crnp.cloudfront.net/media/smartorder_reservation/product/thumbnail/5c381acd-c503-4156-a60e-91bcb02c7478.webp,데일리샷 제품 리스팅 이미지 (배경 제거 후 자체 호스팅)
Langs Blended Scotch Whisky,/images/whisky-thumbs/langs-blended-scotch-whisky.png,https://d1e2y5wc27crnp.cloudfront.net/media/smartorder_reservation/product/thumbnail/57923802-55f6-493b-9ac6-ae964cada64c.webp,데일리샷 제품 리스팅 이미지 (배경 제거 후 자체 호스팅)
Ki One,/images/whisky-thumbs/ki-one.png,https://d1e2y5wc27crnp.cloudfront.net/media/core/product/thumbnail/6c33ce6d-0d1e-4b52-9a7b-652cf3ab50c3.webp,데일리샷 제품 리스팅 이미지 (배경 제거 후 자체 호스팅)
Glenrothes 15 Year Old,/images/whisky-thumbs/glenrothes-15-year-old.png,https://d1e2y5wc27crnp.cloudfront.net/media/core/product/thumbnail/a0b514bd-b6b6-41a5-a994-8b98fc92ce66.webp,데일리샷 제품 리스팅 이미지 (배경 제거 후 자체 호스팅)
Springbank 18 Year Old,/images/whisky-thumbs/springbank-18-year-old.png,https://d1e2y5wc27crnp.cloudfront.net/media/smartorder_reservation/product/thumbnail/56e131c5-b821-4241-a92b-2659e7fcd9b6.webp,데일리샷 제품 리스팅 이미지 (배경 제거 후 자체 호스팅)
Kilkerran 8 Year Old Sherry Cask Cask Strength,/images/whisky-thumbs/kilkerran-8-year-old-sherry-cask-cask-strength.png,https://d1e2y5wc27crnp.cloudfront.net/media/core/product/thumbnail/248d0cbf-6622-4917-9806-7361552a5e38.webp,데일리샷 제품 리스팅 이미지 (배경 제거 후 자체 호스팅)
Balvenie 16 Year Old French Oak,/images/whisky-thumbs/balvenie-16-year-old-french-oak.png,https://d1e2y5wc27crnp.cloudfront.net/media/core/product/thumbnail/83f37137-5e1f-4770-9435-437d0244d4c6.webp,데일리샷 제품 리스팅 이미지 (배경 제거 후 자체 호스팅)
Hakushu 12 Year Old,/images/whisky-thumbs/hakushu-12-year-old.png,https://d1e2y5wc27crnp.cloudfront.net/media/smartorder_reservation/product/thumbnail/d0bffdc1-01d9-43ca-96cf-f9866fb7e222.webp,데일리샷 제품 리스팅 이미지 (배경 제거 후 자체 호스팅)
Royal Lochnagar 12 Year Old,/images/whisky-thumbs/royal-lochnagar-12-year-old.png,https://d1e2y5wc27crnp.cloudfront.net/media/core/product/thumbnail/510f0668-abc1-4a58-9b7d-7a01ad049343.webp,데일리샷 제품 리스팅 이미지 (배경 제거 후 자체 호스팅)
Four Roses Small Batch,/images/whisky-thumbs/four-roses-small-batch.png,https://d1e2y5wc27crnp.cloudfront.net/media/core/product/thumbnail/b297fc21-ff7d-49e8-b5ad-d47786836c79.webp,데일리샷 제품 리스팅 이미지 (배경 제거 후 자체 호스팅)
Hazelburn 10 Year Old,/images/whisky-thumbs/hazelburn-10-year-old.png,https://d1e2y5wc27crnp.cloudfront.net/media/core/product/thumbnail/cf78ad73-dd0d-47c2-87f9-e4309792ada8.webp,데일리샷 제품 리스팅 이미지 (배경 제거 후 자체 호스팅)
Yellow Rose Harris County,/images/whisky-thumbs/yellow-rose-harris-county.png,https://d1e2y5wc27crnp.cloudfront.net/media/smartorder_reservation/product/thumbnail/b094b1fb-a77e-478b-acc9-aa6d34f3c011.webp,데일리샷 제품 리스팅 이미지 (배경 제거 후 자체 호스팅)
Glenallachie 12,/images/whisky-thumbs/glenallachie-12.png,https://d1e2y5wc27crnp.cloudfront.net/media/smartorder_reservation/product/thumbnail/30a3b4ec-4fb9-43c2-a3eb-3614b497a6d2.webp,데일리샷 제품 리스팅 이미지 (배경 제거 후 자체 호스팅)
White Horse,/images/whisky-thumbs/white-horse.png,https://d1e2y5wc27crnp.cloudfront.net/media/core/product/thumbnail/36ce24c5-4169-412a-9d02-65fa955202b8.webp,데일리샷 제품 리스팅 이미지 (배경 제거 후 자체 호스팅)
Russell's Reserve 13 Year Old Barrel Proof (2025 Release),/images/whisky-thumbs/russell-s-reserve-13-year-old-barrel-proof-2025-release.png,https://d1e2y5wc27crnp.cloudfront.net/media/core/product/thumbnail/7619fb22-7869-4099-bfff-7da73a3a4ea2.webp,데일리샷 제품 리스팅 이미지 (배경 제거 후 자체 호스팅)
Woodford Reserve Straight Bourbon,/images/whisky-thumbs/woodford-reserve-straight-bourbon.png,https://d1e2y5wc27crnp.cloudfront.net/media/smartorder_reservation/product/thumbnail/b386c97d-92c2-4176-a51a-ab9f409cf4b92.webp,데일리샷 제품 리스팅 이미지 (배경 제거 후 자체 호스팅)
Booker's 2026-01E,/images/whisky-thumbs/booker-s-2026-01e.png,https://d1e2y5wc27crnp.cloudfront.net/media/core/product/thumbnail/958f3f45-aa36-44f9-a5e5-30da1cf10f3f.webp,데일리샷 제품 리스팅 이미지 (배경 제거 후 자체 호스팅)
Eagle Rare 10 Year Old,/images/whisky-thumbs/eagle-rare-10-year-old.png,https://d1e2y5wc27crnp.cloudfront.net/media/core/product/thumbnail/91cb7a13-15e0-4f6f-836f-dae75691cafb.webp,데일리샷 제품 리스팅 이미지 (배경 제거 후 자체 호스팅)
Ballantine's 17 Year Old,/images/whisky-thumbs/ballantine-s-17-year-old.png,https://d1e2y5wc27crnp.cloudfront.net/media/smartorder_reservation/product/thumbnail/20a98036-7dd8-42b9-9626-5b6f6e9380aa.webp,데일리샷 제품 리스팅 이미지 (배경 제거 후 자체 호스팅)
Glendronach 15,/images/whisky-thumbs/glendronach-15.png,https://d1e2y5wc27crnp.cloudfront.net/media/core/product/thumbnail/20467377-2bdc-4b1b-a2a1-8cbe6529733b.webp,데일리샷 제품 리스팅 이미지 (배경 제거 후 자체 호스팅)
Glenfarclas 15 Year Old,/images/whisky-thumbs/glenfarclas-15-year-old.png,https://d1e2y5wc27crnp.cloudfront.net/media/smartorder_reservation/product/thumbnail/bcb0d16d-cc97-427c-b604-e0c51f358574.webp,데일리샷 제품 리스팅 이미지 (배경 제거 후 자체 호스팅)
Ballantine's Single Malt Glenburgie 18 Year Old,/images/whisky-thumbs/ballantine-s-single-malt-glenburgie-18-year-old.png,https://d1e2y5wc27crnp.cloudfront.net/media/core/product/thumbnail/4009eced-840e-4f77-b53b-9df35aa1a259.webp,데일리샷 제품 리스팅 이미지 (배경 제거 후 자체 호스팅)
Talisker 18 Year Old,/images/whisky-thumbs/talisker-18-year-old.png,https://d1e2y5wc27crnp.cloudfront.net/media/core/product/thumbnail/98ce4f3e-2f4e-4205-bfcd-377f9b4a3f0e.webp,데일리샷 제품 리스팅 이미지 (배경 제거 후 자체 호스팅)
Hazelburn (Unspecified),/images/whisky-thumbs/hazelburn-unspecified.png,https://d1e2y5wc27crnp.cloudfront.net/media/core/product/thumbnail/336f5b0b-ac5c-4181-b383-6740c7609a92.webp,데일리샷 제품 리스팅 이미지 (배경 제거 후 자체 호스팅)
Glen Grant 15 Year Old Batch Strength,/images/whisky-thumbs/glen-grant-15-year-old-batch-strength.png,https://d1e2y5wc27crnp.cloudfront.net/media/core/product/thumbnail/bb9e18c9-e71d-403f-b12d-3615ff67c272.webp,데일리샷 제품 리스팅 이미지 (배경 제거 후 자체 호스팅)
Glenfiddich 14 Year Old Bourbon Barrel Reserve,/images/whisky-thumbs/glenfiddich-14-year-old-bourbon-barrel-reserve.png,https://d1e2y5wc27crnp.cloudfront.net/media/core/product/thumbnail/9b38b353-cd91-4a4f-b16f-c6b07d9fb512.webp,데일리샷 제품 리스팅 이미지 (배경 제거 후 자체 호스팅)
Hibiki Blender's Choice,/images/whisky-thumbs/hibiki-blender-s-choice.png,https://d1e2y5wc27crnp.cloudfront.net/media/core/product/thumbnail/9ec22ff2-f562-4157-bb0c-8f8db76c4121.webp,데일리샷 제품 리스팅 이미지 (배경 제거 후 자체 호스팅)
Kavalan Solist Fino Sherry Single Cask Strength,/images/whisky-thumbs/kavalan-solist-fino-sherry-single-cask-strength.png,https://d1e2y5wc27crnp.cloudfront.net/media/core/product/thumbnail/5bcb3dd5-775b-43b5-a300-03e85d08a501.webp,데일리샷 제품 리스팅 이미지 (배경 제거 후 자체 호스팅)
Ballantine's Single Malt Glenburgie 12 Year Old,/images/whisky-thumbs/ballantine-s-single-malt-glenburgie-12-year-old.png,https://d1e2y5wc27crnp.cloudfront.net/media/core/product/thumbnail/131f2ac5-a404-471a-8452-7271cc87ca0a.webp,데일리샷 제품 리스팅 이미지 (배경 제거 후 자체 호스팅)
Kilkerran 16 Year Old,/images/whisky-thumbs/kilkerran-16-year-old.png,https://d1e2y5wc27crnp.cloudfront.net/media/core/product/thumbnail/b6cffa89-a553-407f-8783-804333e224cf.webp,데일리샷 제품 리스팅 이미지 (배경 제거 후 자체 호스팅)
Bruichladdich The Classic Laddie,/images/whisky-thumbs/bruichladdich-the-classic-laddie.png,https://d1e2y5wc27crnp.cloudfront.net/media/smartorder_reservation/product/thumbnail/2b197764-163f-42a7-abc1-c0c14e48b547.webp,데일리샷 제품 리스팅 이미지 (배경 제거 후 자체 호스팅)
Russell's Reserve 10 Year Old,/images/whisky-thumbs/russell-s-reserve-10-year-old.png,https://d1e2y5wc27crnp.cloudfront.net/media/core/product/thumbnail/8bb7f33f-c3b7-493d-8d65-5b4c345f82a3.webp,데일리샷 제품 리스팅 이미지 (배경 제거 후 자체 호스팅)
Blanton's Single Barrel,/images/whisky-thumbs/blanton-s-single-barrel.png,https://d1e2y5wc27crnp.cloudfront.net/media/core/product/thumbnail/d21c4a92-3081-4056-9b89-25ad63201729.webp,데일리샷 제품 리스팅 이미지 (배경 제거 후 자체 호스팅)
The Glenturret 12 Year Old (2025 Release),/images/whisky-thumbs/the-glenturret-12-year-old-2025-release.png,https://d1e2y5wc27crnp.cloudfront.net/media/core/product/thumbnail/7bb6511c-077b-4ec2-8be6-c7e0d6d2d78e.webp,데일리샷 제품 리스팅 이미지 (배경 제거 후 자체 호스팅)
Ballantine's 30 Year Old,/images/whisky-thumbs/ballantines-30.png,https://d1e2y5wc27crnp.cloudfront.net/media/core/product/thumbnail/731d4c1b-8fb8-4414-abed-69ed417036f7.webp,데일리샷 제품 리스팅 이미지 (배경 제거 후 자체 호스팅)
Glen Garioch 15 Year Old,/images/whisky-thumbs/glen-garioch-15-year-old.png,https://d1e2y5wc27crnp.cloudfront.net/media/core/product/thumbnail/4f7e051a-19ea-49d4-a213-f6afc9c78d23.webp,데일리샷 제품 리스팅 이미지 (배경 제거 후 자체 호스팅)
Ballantine's Single Malt Glenburgie 15 Year Old,/images/whisky-thumbs/ballantine-s-single-malt-glenburgie-15-year-old.png,https://d1e2y5wc27crnp.cloudfront.net/media/core/product/thumbnail/311247e7-90b0-493f-a6c4-77225d987c7f.webp,데일리샷 제품 리스팅 이미지 (배경 제거 후 자체 호스팅)
Kavalan Solist Moscatel Sherry Single Cask Strength,/images/whisky-thumbs/kavalan-solist-moscatel-sherry-single-cask-strength.png,https://d1e2y5wc27crnp.cloudfront.net/media/core/product/thumbnail/0e96cda6-8b57-4242-847e-0f83b3d8c685.webp,데일리샷 제품 리스팅 이미지 (배경 제거 후 자체 호스팅)
Glenturret 12 Year Old,/images/whisky-thumbs/glenturret-12-year-old.png,https://d1e2y5wc27crnp.cloudfront.net/media/core/product/thumbnail/12d89626-606d-40cc-85df-8b4a6de7299a.webp,데일리샷 제품 리스팅 이미지 (배경 제거 후 자체 호스팅)
Glenallachie 10 CS,/images/whisky-thumbs/glenallachie-10-cs.png,https://d1e2y5wc27crnp.cloudfront.net/media/core/product/thumbnail/7b3d0aaf-052f-4d58-b0d8-4b3c8d00d39c.webp,데일리샷 제품 리스팅 이미지 (배경 제거 후 자체 호스팅)
Springbank 15 Year Old,/images/whisky-thumbs/springbank-15-year-old.png,https://d1e2y5wc27crnp.cloudfront.net/media/smartorder_reservation/product/thumbnail/15405796-21cb-40c9-aee5-daf01084d902.webp,데일리샷 제품 리스팅 이미지 (배경 제거 후 자체 호스팅)
Royal Brackla 12 Year Old,/images/whisky-thumbs/royal-brackla-12-year-old.png,https://d1e2y5wc27crnp.cloudfront.net/media/core/product/thumbnail/deed59f0-d577-46aa-afc5-4a3ddf832d73.webp,데일리샷 제품 리스팅 이미지 (배경 제거 후 자체 호스팅)
Highland Park 12 Year Old Viking Honour,/images/whisky-thumbs/highland-park-12-year-old-viking-honour.png,https://d1e2y5wc27crnp.cloudfront.net/media/core/product/thumbnail/972402ae-a9ba-4518-8fc4-3d253b1ef05d.webp,데일리샷 제품 리스팅 이미지 (배경 제거 후 자체 호스팅)
Noah's Mill,/images/whisky-thumbs/noah-s-mill.png,https://d1e2y5wc27crnp.cloudfront.net/media/core/product/thumbnail/c56b9360-7194-4774-a157-9ee28409e847.webp,데일리샷 제품 리스팅 이미지 (배경 제거 후 자체 호스팅)
Ki One Eagle,/images/whisky-thumbs/ki-one-eagle.png,https://d1e2y5wc27crnp.cloudfront.net/media/core/product/thumbnail/321680e4-c31e-4787-b6b1-5b688b128c34.webp,데일리샷 제품 리스팅 이미지 (배경 제거 후 자체 호스팅)
Kilkerran 8 Year Old Bourbon Cask Cask Strength,/images/whisky-thumbs/kilkerran-8-year-old-bourbon-cask-cask-strength.png,https://d1e2y5wc27crnp.cloudfront.net/media/core/product/thumbnail/248d0cbf-6622-4917-9806-7361552a5e38.webp,데일리샷 제품 리스팅 이미지 (배경 제거 후 자체 호스팅)
Laphroaig 25,/images/whisky-thumbs/laphroaig-25.png,https://d1e2y5wc27crnp.cloudfront.net/media/core/product/thumbnail/0cb50b83-ee43-4fac-9c79-0bf99947b881.webp,데일리샷 제품 리스팅 이미지 (배경 제거 후 자체 호스팅)
Clynelish 14 Year Old,/images/whisky-thumbs/clynelish-14-year-old.png,https://d1e2y5wc27crnp.cloudfront.net/media/smartorder_reservation/product/thumbnail/aa248001-b168-4f93-b556-6fe0a92d8f2e.webp,데일리샷 제품 리스팅 이미지 (배경 제거 후 자체 호스팅)
Balvenie Caribbean Cask 14 Year Old,/images/whisky-thumbs/balvenie-caribbean-cask-14-year-old.png,https://d1e2y5wc27crnp.cloudfront.net/media/core/product/thumbnail/8edf654d-0427-4d71-89c6-2a31a6c49531.webp,데일리샷 제품 리스팅 이미지 (배경 제거 후 자체 호스팅)
Glendronach Ode to the Dark,/images/whisky-thumbs/glendronach-ode-to-the-dark.png,https://d1e2y5wc27crnp.cloudfront.net/media/core/product/thumbnail/44994ece-1cb8-4e83-a3d2-adabf71a67c3.webp,데일리샷 제품 리스팅 이미지 (배경 제거 후 자체 호스팅)
Blanton's Straight From The Barrel,/images/whisky-thumbs/blanton-s-straight-from-the-barrel.png,https://d1e2y5wc27crnp.cloudfront.net/media/core/product/thumbnail/391e613d-7165-44a8-898e-f1fe24ec1987.webp,데일리샷 제품 리스팅 이미지 (배경 제거 후 자체 호스팅)
Balvenie 16 Year Old,/images/whisky-thumbs/balvenie-16-year-old.png,https://www.masterofmalt.com/whiskies/balvenie/balvenie-16-year-old-triple-cask-whisky/,Master of Malt 제품 이미지 (배경 제거 후 자체 호스팅)
Speyburn Bourbon Cask,/images/whisky-thumbs/speyburn-bourbon-cask.png,https://www.masterofmalt.com/whiskies/speyburn/speyburn-bourbon-cask-whisky/,Master of Malt 제품 이미지 (배경 제거 후 자체 호스팅)
Springbank 12 Year Old Cask Strength Batch 20,/images/whisky-thumbs/springbank-12-year-old-cask-strength-batch-20.png,https://www.masterofmalt.com/whiskies/springbank/springbank-12-year-old-cask-strength-55-3-whiskies/,Master of Malt 제품 이미지 (배경 제거 후 자체 호스팅)
Glen Grant 15 Year Old,/images/whisky-thumbs/glen-grant-15-year-old.png,https://d1e2y5wc27crnp.cloudfront.net/media/core/product/thumbnail/4f36dbff-99ba-4960-a9f4-22200143dac2.webp,데일리샷 제품 리스팅 이미지 (배경 제거 후 자체 호스팅)
Kanosuke 2026,/images/whisky-thumbs/kanosuke-2026.png,https://d1e2y5wc27crnp.cloudfront.net/media/core/product/thumbnail/216ab21b-f2c4-4ed6-b032-4b04bb94529c.webp,데일리샷 제품 리스팅 이미지 (배경 제거 후 자체 호스팅)
Dewar's Double Agent 16 Year Old,/images/whisky-thumbs/dewar-s-double-agent-16-year-old.png,https://d1e2y5wc27crnp.cloudfront.net/media/core/product/thumbnail/d6c948e6-2ef9-4fff-81d1-e119484cdfae.webp,데일리샷 제품 리스팅 이미지 (배경 제거 후 자체 호스팅)
Macallan Harmony Collection,/images/whisky-thumbs/macallan-harmony-collection.png,https://d1e2y5wc27crnp.cloudfront.net/media/core/product/thumbnail/7139b2b7-ab45-4832-b4ae-cf6d901f9177.webp,데일리샷 제품 리스팅 이미지 (배경 제거 후 자체 호스팅)
Woodford Reserve Distiller's Select,/images/whisky-thumbs/woodford-reserve-distiller-s-select.png,https://d1e2y5wc27crnp.cloudfront.net/media/core/product/thumbnail/c2b574ac-7f24-4559-9fb6-4924a48f186d.webp,데일리샷 제품 리스팅 이미지 (배경 제거 후 자체 호스팅)
Suntory Whisky,/images/whisky-thumbs/suntory-whisky.png,https://d1e2y5wc27crnp.cloudfront.net/media/core/product/thumbnail/d93e2fd9-0d2e-4d49-8b38-06373b826134.webp,데일리샷 제품 리스팅 이미지 (배경 제거 후 자체 호스팅)
Heaven Hill Bottled-in-Bond 7 Year Old,/images/whisky-thumbs/heaven-hill-bottled-in-bond-7-year-old.png,https://d1e2y5wc27crnp.cloudfront.net/media/core/product/thumbnail/a954afe8-f9db-429f-8740-95a63743eb1c.webp,데일리샷 제품 리스팅 이미지 (배경 제거 후 자체 호스팅)
Glenturret 14 Year Old Peat Smoked,/images/whisky-thumbs/glenturret-14-year-old-peat-smoked.png,https://d1e2y5wc27crnp.cloudfront.net/media/core/product/thumbnail/4150afab-95ed-4b47-a265-1d31fce05cb9.webp,데일리샷 제품 리스팅 이미지 (배경 제거 후 자체 호스팅)
Glendronach House Editions The Sevillian Room,/images/whisky-thumbs/glendronach-house-editions-the-sevillian-room.png,https://www.onlineshop-helgoland.de/en/produkte/whisky/glendronach-house-editions-sevillian-room-43-vol-1-liter,리테일러 제품 이미지 (배경 제거 후 자체 호스팅) - 이전 등록 이미지가 63x375/100x410 등 비정상 크롭이라 재소싱함
Glendronach House Editions The Venetian Room,/images/whisky-thumbs/glendronach-house-editions-the-venetian-room.png,https://www.onlineshop-helgoland.de/en/produkte/whisky/the-glendronach-house-editions-venetian-room-46-vol-0-7-liter,리테일러 제품 이미지 (배경 제거 후 자체 호스팅) - 이전 등록 이미지가 63x375/100x410 등 비정상 크롭이라 재소싱함
Glendronach Port Wood,/images/whisky-thumbs/glendronach-port-wood.png,,"실사 제품 사진(배경 제거 후 자체 호스팅) - 소싱 에이전트가 중단되어 개별 출처 URL 미기록, 육안 라벨 검증 완료"
Laphroaig 14 Year Old Willem Dafoe Limited Edition,/images/whisky-thumbs/laphroaig-14-year-old-willem-dafoe-limited-edition.png,https://www.laphroaig.com/whiskies/willem-dafoe-limited-edition,브랜드 공식 홈페이지 제품 이미지 (배경 제거 후 자체 호스팅) - 이전 등록 이미지가 250x1080 비정상 크롭이라 재소싱함
Natterjack Cask Strength,/images/whisky-thumbs/natterjack-cask-strength.png,,"실사 제품 사진(배경 제거 후 자체 호스팅) - 소싱 에이전트가 중단되어 개별 출처 URL 미기록, 육안 라벨 검증 완료"
Old Forrester 1910,/images/whisky-thumbs/old-forrester-1910.png,,"실사 제품 사진(배경 제거 후 자체 호스팅) - 소싱 에이전트가 중단되어 개별 출처 URL 미기록, 육안 라벨 검증 완료"
Port Charlotte Isleta Barley 2014,/images/whisky-thumbs/port-charlotte-isleta-barley-2014.png,,"실사 제품 사진(배경 제거 후 자체 호스팅) - 소싱 에이전트가 중단되어 개별 출처 URL 미기록, 육안 라벨 검증 완료"
Black Bottle,/images/whisky-thumbs/black-bottle.png,https://www.lcbo.com/en/black-bottle-blended-scotch-whisky-454132,LCBO 제품 이미지 (배경 제거 후 자체 호스팅)
Four Roses Single Barrel,/images/whisky-thumbs/four-roses-single-barrel.png,https://www.lcbo.com/en/four-roses-single-barrel-bourbon-266072,LCBO 제품 이미지 (배경 제거 후 자체 호스팅)
Johnnie Walker Gold Label,/images/whisky-thumbs/johnnie-walker-gold-label.png,https://www.lcbo.com/en/johnnie-walker-gold-label-reserve-scotch-whisky-291278,LCBO 제품 이미지 (배경 제거 후 자체 호스팅)
Macallan 18 Year Old,/images/whisky-thumbs/macallan-18-year-old.png,https://www.lcbo.com/en/the-macallan-sherry-oak-18-year-old-highland-single-malt-scotch-whisky-18808,LCBO 제품 이미지 (배경 제거 후 자체 호스팅)
Macallan 12 Year Old Double Cask,/images/whisky-thumbs/macallan-12-year-old-double-cask.png,https://www.lcbo.com/en/macallan-12-year-old-double-cask-479980,LCBO 제품 이미지 (배경 제거 후 자체 호스팅)
Makers Mark,/images/whisky-thumbs/makers-mark.png,https://www.lcbo.com/en/maker-s-mark-kentucky-bourbon-103747,LCBO 제품 이미지 (배경 제거 후 자체 호스팅)
Johnnie Walker Blonde,/images/whisky-thumbs/johnnie-walker-blonde.png,https://www.johnniewalker.com/en/our-whisky/core-range/johnnie-walker-blonde,브랜드 공식 홈페이지 제품 이미지 (배경 제거 후 자체 호스팅)
Oban Little Bay,/images/whisky-thumbs/oban-little-bay.png,https://www.lcbo.com/en/oban-little-bay-single-malt-scotch-whisky-405423,LCBO 제품 이미지 (배경 제거 후 자체 호스팅)
Weller Special Reserve,/images/whisky-thumbs/weller-special-reserve.png,https://www.lcbo.com/en/w-l-weller-special-reserve-kentucky-straight-bourbon-whiskey-36271,LCBO 제품 이미지 (배경 제거 후 자체 호스팅)
The Glen Grant 18 Year Old,/images/whisky-thumbs/the-glen-grant-18-year-old.png,https://woodencork.com/products/glen-grant-18-year-old-single-malt-scotch-whisky,Wooden Cork 리테일러 제품 이미지 (배경 제거 후 자체 호스팅)
Wild Turkey Kentucky Spirit Single Barrel,/images/whisky-thumbs/wild-turkey-kentucky-spirit-single-barrel.png,https://woodencork.com/products/wild-turkey-kentucky-spirit-single-barrel,Wooden Cork 리테일러 제품 이미지 (배경 제거 후 자체 호스팅)
Yamazaki Limited Edition 2021,/images/whisky-thumbs/yamazaki-limited-edition-2021.png,https://woodencork.com/products/yamazaki-limited-edition-2021,Wooden Cork 리테일러 제품 이미지 (배경 제거 후 자체 호스팅)
Bowmore 33 Years Old Timeless,/images/whisky-thumbs/bowmore-33-years-old-timeless.png,https://www.musthavemalts.com/product/bowmore-33-years-old-timeless-1988/,Must Have Malts 리테일러 제품 이미지 (배경 제거 후 자체 호스팅)
Bladnoch 19 Year Old,/images/whisky-thumbs/bladnoch-19-year-old.png,https://www.bladnoch.com/products/bladnoch-19-year-old,브랜드 공식 홈페이지 제품 이미지 (배경 제거 후 자체 호스팅)
Glendronach House Editions The Parisian Room,/images/whisky-thumbs/glendronach-house-editions-the-parisian-room.png,https://www.onlineshop-helgoland.de/produkte/whisky/glendronach-house-editions-parisian-room-49-vol-0-7-liter,리테일러 제품 이미지 (배경 제거 후 자체 호스팅)
Glencadam 10 Year Old,/images/whisky-thumbs/glencadam-10-year-old.png,https://www.lcbo.com/webapp/wcs/stores/servlet/en/lcbo/scotch-whisky/glencadam-10-year-old-highland-single-malt-scotch-whisky-436246,LCBO 제품 이미지 (배경 제거 후 자체 호스팅)
GlenAllachie 35 Year Old,/images/whisky-thumbs/glenallachie-35-year-old.png,https://theglenallachie.com/whisky/35-year-old/,브랜드 공식 홈페이지 제품 이미지 (배경 제거 후 자체 호스팅)
Glenfiddich 14 Year Old Bourbon Barrel,/images/whisky-thumbs/glenfiddich-14-year-old-bourbon-barrel.png,https://www.lcbo.com/en/glenfiddich-14-year-old-bourbon-barrel-reserve-10831,LCBO 제품 이미지 (배경 제거 후 자체 호스팅)
Lucky Seven The New Yorker,/images/whisky-thumbs/lucky-seven-the-new-yorker.png,https://woodencork.com/products/lucky-seven-spirits-the-new-yorker-amburana-cask-finish-straight-bourbon,Wooden Cork 리테일러 제품 이미지 (배경 제거 후 자체 호스팅)
GlenAllachie 11 Year Old Palo Cortado Cask Finish,/images/whisky-thumbs/glenallachie-11-year-old-palo-cortado-cask-finish.png,https://theglenallachie.com/whisky/11-year-old-palo-cortado-sherry-cask-matured/,브랜드 공식 홈페이지 제품 이미지 (배경 제거 후 자체 호스팅)
The Dundee Blended,/images/whisky-thumbs/the-dundee-blended.png,https://www.angusdundee.co.uk/products/angus-dundee-brands/86-the-dundee-range,브랜드 공식 홈페이지 제품 이미지 (배경 제거 후 자체 호스팅)
Glencadam 13 Year Old,/images/whisky-thumbs/glencadam-13-year-old.png,https://justlikepapa.com/products/glencadam-13-years-old-the-re-awakening-batch-3,리테일러 제품 이미지 (배경 제거 후 자체 호스팅)
Taketsuru Pure Malt Grande,/images/whisky-thumbs/taketsuru-pure-malt-grande.png,https://www.mizunaratheshop.com/products/nikka-taketsuru-pure-malt-nas,리테일러 제품 이미지 (배경 제거 후 자체 호스팅)
Kavalan Classic Single Malt,/images/whisky-thumbs/kavalan-classic-single-malt.png,https://shop.hotalingandco.com/products/kavalan-classic-single-malt-whisky,리테일러 제품 이미지 (배경 제거 후 자체 호스팅)
Mannochmore 18 Year Old,/images/whisky-thumbs/mannochmore-18-year-old.png,https://www.diffordsguide.com/beer-wine-spirits/610/mannochmore-18-year-old-1990,Diffords Guide 제품 이미지 (배경 제거 후 자체 호스팅)
Glen Grant 21 Year Old,/images/whisky-thumbs/glen-grant-21-year-old.png,https://www.reservebar.com/products/the-glen-grant-21-year-old-single-malt-scotch/GROUPING-2039191,ReserveBar 리테일러 제품 이미지 (배경 제거 후 자체 호스팅)
Jack Daniel's Single Barrel Barrel Proof Rye,/images/whisky-thumbs/jack-daniel-s-single-barrel-barrel-proof-rye.png,https://woodencork.com/products/jack-daniels-single-barrel-barrel-proof-rye,Wooden Cork 리테일러 제품 이미지 (배경 제거 후 자체 호스팅)
Royal Brackla 18 Year Old,/images/whisky-thumbs/royal-brackla-18-year-old.png,https://shop.dewars.com/products/royal-brackla-18-year-old-whisky,브랜드 공식 홈페이지 제품 이미지 (배경 제거 후 자체 호스팅)
Kilchoman Batch Strength,/images/whisky-thumbs/kilchoman-batch-strength.png,https://www.kilchomandistillery.com/our-whisky/batch-strength/,브랜드 공식 홈페이지 제품 이미지 (배경 제거 후 자체 호스팅)
Russell's Reserve 13 Year Old,/images/whisky-thumbs/russell-s-reserve-13-year-old.png,https://woodencork.com/collections/russells-reserve,"Wooden Cork 리테일러 제품 이미지 (배경 제거 후 자체 호스팅) - ""13년"" 자체가 배럴프루프 제품이라 별도 플레인 버전 없음, 확인 후 등록"
Russell's Reserve 13 Year Old Barrel Proof (Batch Unspecified),/images/whisky-thumbs/russell-s-reserve-13-year-old-barrel-proof-batch-unspecified.png,https://woodencork.com/collections/russells-reserve,"Wooden Cork 리테일러 제품 이미지 (배경 제거 후 자체 호스팅) - 배치 미상이라 임의 배치(Batch 2) 사진 사용, 병 디자인은 배치 공통"
Royal Salute 23 Year Old,/images/whisky-thumbs/royal-salute-23-year-old.png,https://caskcartel.com/products/royal-salute-23-year-old-taiwan-exclusive-blended-scotch-whiskey-700ml,"CaskCartel 리테일러 제품 이미지 (배경 제거 후 자체 호스팅) - 모든 자료상 대만 익스클루시브 외 별도 23년 라인 없음, 동일 제품으로 확인"
Frapin 15 Year Old Cask Strength,/images/whisky-thumbs/frapin-15-year-old-cask-strength.png,https://caskcartel.com/products/frapin-15-year-old-cask-strength-cognac-700ml,"CaskCartel 리테일러 제품 이미지 (배경 제거 후 자체 호스팅) - 주의: 이 제품은 위스키가 아니라 코냑(브랜디)임, 사전 카테고리 오류 가능성 있으니 확인 필요"
Kavalan Solist Vinho Barrique,/images/whisky-thumbs/kavalan-solist-vinho-barrique-v2.png,https://d1e2y5wc27crnp.cloudfront.net/media/core/product/thumbnail/400c9b22-a593-4692-a147-ef036c2d1062.webp,"데일리샷 제품 리스팅 이미지 (배경 제거 후 자체 호스팅) - 이미 등록된 Kavalan Solist Vinho Barrique Single Cask Strength와 동일 제품, 사진 재사용"
Kavalan Solist Oloroso Sherry Single Cask Strength,/images/whisky-thumbs/kavalan-solist-oloroso-sherry-single-cask-strength.png,https://d1e2y5wc27crnp.cloudfront.net/media/core/product/thumbnail/2d4b5650-b5c3-405c-8fc9-f100ac7cae7c.webp,데일리샷 제품 리스팅 이미지 (배경 제거 후 자체 호스팅) - Snowflake FCT_WHISKY_DEALS 조회로 발견
Balvenie 1931 Collection 12 Year Old,/images/whisky-thumbs/balvenie-1931.png,https://www.remedyliquor.com/products/balvenie-scotch-single-malt-limited-1931-collection-home-malt-12yr-700ml,리테일러(Remedy Liquor) 제품 이미지 (배경 제거 후 자체 호스팅)
1792 Full Proof,/images/whisky-thumbs/1792-full-proof.png,https://d1e2y5wc27crnp.cloudfront.net/media/smartorder_reservation/product/thumbnail/27a1d990-e5b1-4b10-bddd-6870e8637e35.webp,데일리샷 제품 리스팅 이미지 (배경 제거 후 자체 호스팅) - Snowflake FCT_WHISKY_DEALS 조회로 발견
1792 Sweet Wheat,/images/whisky-thumbs/1792-sweet-wheat.png,https://d1e2y5wc27crnp.cloudfront.net/media/smartorder_reservation/product/thumbnail/2d2b28f2-b566-4720-a65b-1710da0740a8.webp,데일리샷 제품 리스팅 이미지 (배경 제거 후 자체 호스팅) - Snowflake FCT_WHISKY_DEALS 조회로 발견
Angel's Envy Bourbon,/images/whisky-thumbs/angel-s-envy-bourbon.png,https://d1e2y5wc27crnp.cloudfront.net/media/core/product/thumbnail/11e6290a-3320-41e1-a775-e88799742962.webp,데일리샷 제품 리스팅 이미지 (배경 제거 후 자체 호스팅) - Snowflake FCT_WHISKY_DEALS 조회로 발견
Ballantine's Finest,/images/whisky-thumbs/ballantine-s-finest.png,https://d1e2y5wc27crnp.cloudfront.net/media/smartorder_reservation/product/thumbnail/2943060d-f3c9-463e-98fe-c3970b29b79a.webp,데일리샷 제품 리스팅 이미지 (배경 제거 후 자체 호스팅) - Snowflake FCT_WHISKY_DEALS 조회로 발견
Elijah Craig Toasted Barrel,/images/whisky-thumbs/elijah-craig-toasted-barrel.png,https://d1e2y5wc27crnp.cloudfront.net/media/core/product/thumbnail/48f2e808-2b2c-42b6-87a2-c26b0ec0ebbc.webp,데일리샷 제품 리스팅 이미지 (배경 제거 후 자체 호스팅) - Snowflake FCT_WHISKY_DEALS 조회로 발견
Michter's 10 Year Rye,/images/whisky-thumbs/michter-s-10-year-rye.png,https://d1e2y5wc27crnp.cloudfront.net/media/core/product/thumbnail/009aade6-ac14-491c-915f-2d3d544218e5.webp,데일리샷 제품 리스팅 이미지 (배경 제거 후 자체 호스팅) - Snowflake FCT_WHISKY_DEALS 조회로 발견
Tamdhu 21 Year Old,/images/whisky-thumbs/tamdhu-21-year-old.png,https://d1e2y5wc27crnp.cloudfront.net/media/core/product/thumbnail/4ef6111c-3561-4c47-a7d2-b592dd3daf4f.webp,데일리샷 제품 리스팅 이미지 (배경 제거 후 자체 호스팅) - Snowflake FCT_WHISKY_DEALS 조회로 발견
Weller 12 Year Old,/images/whisky-thumbs/weller-12-year-old.png,https://d1e2y5wc27crnp.cloudfront.net/media/core/product/thumbnail/9adf095b-fd90-4898-bb4d-8943ff112ba1.webp,데일리샷 제품 리스팅 이미지 (배경 제거 후 자체 호스팅) - Snowflake FCT_WHISKY_DEALS 조회로 발견
Johnnie Walker Red Label,/images/whisky-thumbs/johnnie-walker-red-label.png,https://www.johnniewalker.com/en-us/our-whisky/core-range/johnnie-walker-red-label,조니워커 공식 사이트 제품 이미지 (배경 제거 후 자체 호스팅)
Ballantine's 30 Year Old,/images/whisky-thumbs/ballantines-30.png,https://dailyshot.co/m/item/5394,데일리샷 제품 리스팅 이미지 (배경 제거 후 자체 호스팅)
Hakushu 18 Year Old,/images/whisky-thumbs/hakushu-18-year-old.png,https://dailyshot.co/m/item/9231,데일리샷 제품 리스팅 이미지 (배경 제거 후 자체 호스팅)
Chivas Regal 18 Year Old,/images/whisky-thumbs/chivas-regal-18-year-old.png,https://dailyshot.co/m/item/8088,데일리샷 제품 리스팅 이미지 (배경 제거 후 자체 호스팅)
Macallan 25 Year Old,/images/whisky-thumbs/macallan-25-year-old.png,https://dailyshot.co/m/item/3179,데일리샷 제품 리스팅 이미지 (배경 제거 후 자체 호스팅)
Wild Turkey 81,/images/whisky-thumbs/wild-turkey-81.png,https://dailyshot.co/m/item/30610,데일리샷 제품 리스팅 이미지 (배경 제거 후 자체 호스팅)
Tamdhu 18 Year Old,/images/whisky-thumbs/tamdhu-18-year-old.png,https://dailyshot.co/m/item/15112,데일리샷 제품 리스팅 이미지 (배경 제거 후 자체 호스팅)
Ilpum Jinro 1924,/images/whisky-thumbs/ilpum-jinro-1924.png,https://dailyshot.co/m/item/12247,데일리샷 제품 리스팅 이미지 (배경 제거 후 자체 호스팅)
Bulleit Bourbon 10 Year Old,/images/whisky-thumbs/bulleit-bourbon-10-year-old.png,https://dailyshot.co/m/item/4670,데일리샷 제품 리스팅 이미지 (배경 제거 후 자체 호스팅)
Early Times,/images/whisky-thumbs/early-times.png,https://dailyshot.co/m/item/24583,데일리샷 제품 리스팅 이미지 (배경 제거 후 자체 호스팅)
Maker's Mark Cellar Aged,/images/whisky-thumbs/maker-s-mark-cellar-aged.png,https://dailyshot.co/m/item/23893,데일리샷 제품 리스팅 이미지 (배경 제거 후 자체 호스팅)
Jack Daniel's Single Barrel Barrel Proof,/images/whisky-thumbs/jack-daniel-s-single-barrel-barrel-proof.png,https://dailyshot.co/m/item/7701,데일리샷 제품 리스팅 이미지 (배경 제거 후 자체 호스팅)
Highland Park 30 Year Old,/images/whisky-thumbs/highland-park-30-year-old.png,https://dailyshot.co/m/item/21060,데일리샷 제품 리스팅 이미지 (배경 제거 후 자체 호스팅)
Glenfarclas 105,/images/whisky-thumbs/glenfarclas-105.png,https://dailyshot.co/m/item/1684,데일리샷 제품 리스팅 이미지 (배경 제거 후 자체 호스팅)
Signatory Vintage Benriach 2014 10 Years,/images/whisky-thumbs/signatory-vintage-benriach-2014-10-years.png,https://dailyshot.co/m/item/28548,데일리샷 제품 리스팅 이미지 (배경 제거 후 자체 호스팅)
Macallan 12 Year Old Double Cask (Old),/images/whisky-thumbs/macallan-12-year-old-double-cask-old.png,https://dailyshot.co/m/item/2328,데일리샷 제품 리스팅 이미지 (배경 제거 후 자체 호스팅)
Balvenie DoubleWood 17 Year Old,/images/whisky-thumbs/balvenie-doublewood-17-year-old.png,https://d1e2y5wc27crnp.cloudfront.net/media/smartorder_reservation/product/thumbnail/6e17b675-0af8-4f3e-9f24-d94279dd391f.webp,데일리샷 제품 리스팅 이미지 (배경 제거 후 자체 호스팅)
Glenfiddich 16 Year Old Aston Martin F1 Limited Edition Release 2,/images/whisky-thumbs/glenfiddich-16-year-old-aston-martin-f1-limited-edition-release-2.png,https://www.delmesaliquor.com/products/glenfiddich-aston-martin-formula-one-limited-edition-16-year-old-scotch-whisky-release-2,리테일러 제품 이미지 (배경 제거 후 자체 호스팅) - 데일리샷 마켓플레이스엔 아직 매물 없음(2026년 8월 출시된 신제품)
