standard_whisky_name,nose,palate,finish,source_url,sweetness,smoky,fruity,spicy,body,tagline,menthol,abv,data_source
Yamazaki 12 Year Old,"진한 과일향에 버터 바른 그레이엄 크래커, 몰트의 단맛, 건초, 약간의 허니듀 멜론이 어우러진 편안한 향","과일, 버터 그레이엄, 몰트, 시트러스 필, 건초, 스파이스, 끝에는 오렌지맛 서커스피넛(캔디) 같은 단맛","몰티하게 서서히 잦아드는 미디엄 길이, 견과류·과일·약간의 탄 내음이 함께",https://thewhiskeyjug.com/japanese-whisky/yamazaki-12-years-review/,4,1,3,2,2,버터 그레이엄과 오렌지 캔디 같은 달콤함 — 세계에서 가장 유명한 재패니즈 위스키의 정석,1,43,curated
The Glenlivet 12 Year Old,"몰티하고 크리미한 시리얼에 갓 벤 풀, 라이트 허니, 바닐라, 잘 익은 파인애플","향보다 과일 풍미가 더 두드러짐 — 파인애플, 달콤한 복숭아, 배 껍질","바닐라가 토스티하고 은은히 스파이시한 오크를 부드럽게 감싸며, 상쾌한 시트러스와 헤이즐넛 여운이 이어짐",https://www.diffordsguide.com/beer-wine-spirits/6711/the-glenlivet-12-year-old,3,1,4,1,2,파인애플·복숭아의 화사한 과일향이 매끈하게 이어지는 스페이사이드 정석 — 가볍고 접근성 좋은 입문용,1,40,curated
Royal Salute 21,"청사과·배·복숭아·꿀·오크·플로럴에 옅은 메디시널 피트감까지, 넥푸어인데도 알코올감 없이 다양한 레이어가 올라옴","그레인 유래의 살짝 텁텁하고 고소한 곡물맛으로 시작해 오렌지필 시트러스, 적사과 과육의 달콤함, 꿀물 같은 부드러움과 끝에 살짝 떫은 나무맛","고소한 견과류와 오일리한 질감, 은은하고 긴 바닐라, 버터 같은 유제품 느낌, 단맛 없는 카카오닙스 뉘앙스로 마무리",https://arca.live/b/alcohol/163856328,3,2,5,1,3,블렌디드의 정석 — 화사한 과일향과 옅은 메디시널 피트가 조화로운 밸런스형,1,40,curated
Miraon Almost There,"표현하기 어려운 향, 군내·누룩향 같은 꿉꿉한 내음과 약간의 알코올 부즈감","뻥튀기·튀밥 같은 구수한 맛이 중심, 올로로소 셰리캐스크 표기가 무색할 만큼 캐스크감 자체는 거의 느껴지지 않음",그 구수한 맛이 꽤 길게 남는 여운,https://arca.live/b/alcohol/181845426,2,1,1,2,4,올로로소 셰리캐스크 오크통 숙성 소주 — 캐스크감보다 볶은 쌀 특유의 구수함이 두드러지는 이색적인 크래프트,1,54.1,curated
Wild Turkey 101,"카라멜과 바닐라가 오크향과 어우러지고, 브라운슈가·시나몬·백후추 같은 향신료 향이 느껴짐","후추향과 시나몬이 먼저 오고, 카라멜 사탕과 바닐라의 단맛과 열감이 이어짐, 오크 풍미가 잘 녹아듦","길고 바닐라 중심의 스파이시한 여운, 카라멜이 남았다가 카다몬과 후추로 마무리",https://thewhiskeyjug.com/bourbon-whiskey/wild-turkey-101-tasting-running-through-a-rafter-of-wild-turkey-101s/,4,1,1,4,4,가성비 좋은 정통 버번 — 101프루프의 화끈함과 단맛의 밸런스,1,50.5,curated
Balvenie DoubleWood 12 Year Old,"열대과일과 사과 계열 과일향이 열리고, 꿀·바닐라의 달콤함, 스톤프루트와 무화과, 은은한 꽃향","열대과일과 과수원 과일이 카라멜·꿀과 섞여 혀에서 춤추듯 퍼지고, 이어 오크·맥아·다크한 단맛이 따라옴","중간 길이, 오크 훈연 느낌 살짝, 마시멜로와 말린 코코넛이 끝까지 남으며 몰트와 라이트 초콜릿으로 마무리",https://thewhiskeywash.com/scotch-whiskey/whisky-review-balvenie-12-year-doublewood/,4,1,4,2,3,꿀·과일향의 밸런스형 싱글몰트 — 입문용으로 무난한 스테디셀러,1,40,curated
Johnnie Walker Blue Label,"부드럽고 둥근 향에 건과일·시트러스·바닐라, 은은한 스모키함이 깔림","벨벳 같은 바닐라·꿀·장미 향으로 시작해 오렌지, 헤이즐넛, 셰리, 다크초콜릿으로 확장","길고 우아한 여운, 조니워커 특유의 은은한 스모키함이 세련되게 이어짐",https://thewhiskeywash.com/whiskey-styles/scotch-whiskey/whisky-review-johnnie-walker-blue-label/,3,3,3,2,3,블렌디드의 정점 — 은은한 스모키함과 우아한 여운의 프리미엄 라인,1,40,curated
Johnnie Walker Black Label,"그을린 오크와 피트 스모크, 토피 캔디, 잘 익은 포도향, 크리스마스 푸딩같은 온기","바닐라·버터스카치·피트 스모크·구운 피칸, 부드러우면서도 묵직하고 과일·시트러스·오크·몰트가 조화로움","적당한 스모키함이 은은하게 이어지다 견과류와 단맛으로 마무리, 과일·시트러스·바닐라·후추 스파이스가 여운으로 남음",https://thewhiskeywash.com/scotch-whiskey/whiskey-review-johnnie-walker-black-label/,3,4,3,2,3,블렌디드 스카치의 기준점 — 스모키함과 단맛이 균형 잡힌 데일리 위스키,1,40,curated
Kavalan Single Malt Whisky,"깨끗하고 신선한 향, 망고가 앞서고 배·바닐라, 은은한 꽃향과 대만 특유의 온화함","망고와 배 사탕, 코코넛과 꿀, 바닐라와 살짝의 초콜릿이 균형있게 어우러짐","실키하고 여운이 길게 남는 열대과일 단맛, 바닐라·코코넛·꿀로 마무리되며 은은한 꽃향이 마지막까지",https://thewhiskyphiles.com/2018/11/24/kavalan-classic-single-malt/,4,1,5,1,2,대만 특유의 열대과일향이 폭발하는 트로피컬 싱글몰트,3,40,curated
Glendronach 12,"달콤하고 크리미한 바닐라에 생강, 향신료를 넣은 멀드와인과 배향","진하고 크리미하며 부드러움, 따뜻한 오크와 셰리의 단맛, 건포도와 부드러운 과일, 스파이시하고 미디엄 길이의 드라이한 여운",길고 묵직하며 견과류 느낌이 살짝 도는 여운,https://thewhiskeywash.com/scotch-whiskey/the-ultimate-guide-to-the-glendronach-12-year-old/,4,1,3,3,4,셰리 캐스크 특유의 진하고 크리미한 단맛 — 클래식 셰리밤,1,43,curated
Glenallachie 12,"신선한 오크와 건포도, 다크프루트·블랙커런트, 코코아파우더와 초콜릿, 무화과·대추 느낌","술타나와 부드러운 스파이스, 바나나와 보리, 헤더꿀과 체리 리큐르의 단맛에 시나몬·넛맥·카다몬이 구조를 잡아줌","페퍼리하면서 벨벳같이 부드러운 오일감, 다크초콜릿과 오크의 드라이한 여운, 미디엄-롱",https://www.whiskyrant.com/glenallachie-12-year-old-single-malt-review/,4,1,4,3,4,다크프루트와 스파이스가 진하게 깔리는 헤비 셰리 스타일,1,46,curated
Yamazaki Distiller's Reserve,"과일향과 강한 바닐라·크렘브륄레, 딸기·체리, 미즈나라(일본 참나무) 향","라즈베리·백도, 미즈나라 오크 스파이스와 바닐라",달콤한 바닐라와 은은한 시나몬으로 깔끔하게 마무리,https://www.thewhiskeyshelf.com/yamazaki-single-malt-whisky/,3,1,4,2,2,미즈나라 오크의 은은한 개성이 살아있는 재패니즈 위스키 입문작,1,43,curated
Glenfiddich 12 Year Old,"배 통조림, 청사과, 꿀, 파이 크러스트 같은 가벼운 향에 버터스카치와 신선한 오크","사과 코블러, 과수원 과일, 바닐라, 카라멜, 쌉싸름한 오크, 시나몬","중간에서 짧은 편, 씁쓸달콤하고 멜론 같은 열대과일 여운",https://thewhiskeywash.com/reviews/whisky-review-glenfiddich-12-year-old/,3,1,4,1,2,전세계에서 가장 많이 팔리는 싱글몰트 — 가볍고 무난한 입문 정석,1,40,curated
Macallan 12 Sherry Oak,"건과일, 시트러스 필, 오크, 생강과 넛맥","건포도와 설타나, 생강 시럽, 계피 스파이스, 바닐라, 진한 셰리감",길고 오크와 따뜻한 생강향이 이어짐,https://thewhiskeywash.com/whiskey-styles/scotch-whiskey/whisky-review-macallan-12-year-old/,4,1,3,3,4,셰리 오크의 정석 — 프리미엄 셰리 싱글몰트의 기준점,1,43,curated
Laphroaig 10,"강렬한 스모키 피트, 요오드/소독약, 짠 바닷내음, 그을린 나무연기","해초, 바닐라 아이스크림, 소독약 느낌, 오크, 카다몬·후추 스파이스","미디엄-롱, 솔티드 카라멜, 가죽, 오크 탄닌, 요오드 여운",https://www.masterofmalt.com/whiskies/laphroaig-10-year-old-whisky/,1,5,1,3,4,호불호 극과극 — 요오드·소독약 향의 정통 아일라 피트 몬스터,1,40,curated
Ardbeg 10,"해안 피트 스모크, 해초, 요오드, 숯불, 레몬·자몽 시트러스","짜고 스모키, 잿불 피트에 바닐라 단맛, 시트러스, 맥아","미디엄-롱, 드라이하고 짠맛, 재·엠버, 후추 여운",https://thewhiskeywash.com/whiskey-styles/scotch-whiskey/whisky-review-ardbeg-10-year-old/,2,5,2,2,3,아일라 피트의 강자 — 스모키함 속 은은한 단맛의 밸런스,1,46,curated
Springbank (Unspecified),"밀크초콜릿, 콘플레이크, 헤더꿀에 망고·홍옥·카라멜, 은은한 피트 스모크","은은한 피트와 흙내음 배경에 넛맥·시나몬 스파이스, 바닐라·토피, 곡물의 단맛","미디엄-롱, 소금기와 점토·타임 느낌, 타르·담배 여운",https://whiskyanalysis.com/index.php/2016/08/02/springbank-10-year-old/,3,3,3,2,3,캠벨타운 전통 증류 방식의 상징 — 피트·과일·짠맛이 공존하는 개성파,1,,curated
Glenfarclas 25 Year Old,"진한 셰리 향에 로스트 피칸, 럼레이즌, 블랙체리, 토스트 코코넛과 꿀, 오렌지 마멀레이드","로스트넛과 토피, 라이트 메이플과 코코넛크림, 풀바디의 디저트 같은 술타나·무화과·다크초콜릿","오크와 후추, 넛맥·시나몬이 길게 이어지는 드라이하고 진한 여운",https://malt-review.com/2019/05/28/glenfarclas-15-21-and-25-year-old/,4,1,4,3,4,글렌파클라스 가문 셰리캐스크의 정수 — 진하고 클래식한 25년 셰리밤,1,43,curated
Laphroaig 15,"자몽·오렌지 제스트, 허브향, 크리미한 바닐라, 부드러운 오크와 아일라 피트 스모크","시솔트, 블랙페퍼, 시나몬, 잘 익은 복숭아·시트러스와 부드럽게 녹아든 피트",길고 스모키하며 은은한 짠맛과 부드러운 단맛의 여운,https://www.laphroaig.com/whiskies/15-year-old,2,4,2,2,3,10년보다 한층 부드러워진 아일라 — 시트러스와 피트의 우아한 조화,1,43,curated
Tamnavulin,"부드럽고 몰티한 향에 덜 익은 청사과, 복숭아 통조림, 배, 꿀·흑설탕·바닐라 토피",바닐라·몰트슈가·과수원 과일이 부드럽게 시작해 헤이즐넛·월넛 스파이스와 라이트 셰리감,"짧고 깔끔하게 흑설탕·바닐라로 마무리, 끝에 살짝 페퍼민트",https://whiskyforeveryone.com/tamnavulin-double-cask-scotch-whisky/,3,1,3,1,2,가볍고 무난한 가성비 스페이사이드 — 데일리로 부담없는 더블캐스크,3,40,curated
Hibiki Japanese Harmony,"달콤한 오크, 꿀, 레몬제스트·유자 시트러스, 복숭아, 은은한 꽃향","밝고 경쾌하게 시작해 부드럽게 이어짐, 캐러멜라이즈드 허니, 오렌지, 시나몬","짧은 편, 오크향 중심, 은은한 레몬 커스터드 여운",https://www.whiskynotes.be/2024/blends/hibiki-japanese-harmony/,3,1,4,1,2,화사한 꽃과 유자향의 재패니즈 블렌디드 — 부드러운 입문용 정석,1,43,curated
Macallan 18 Sherry Oak,"말린 과일과 생강, 바닐라 향이 묵직한 오크향과 함께 조화롭게 다가옵니다.","풍부한 건포도, 정향, 오렌지 껍질의 풍미가 묵직하고 크리미하게 입안을 채웁니다.","달콤한 말린 과일과 은은한 스파이스, 훈연 향이 길게 여운을 남깁니다.",,4,1,5,3,5,셰리 위스키의 정석이자 대체 불가능한 기준,1,43,ai_estimated
Glendronach 15,"다크 체리, 블랙베리와 함께 럼에 절인 건포도, 초콜릿 향이 진하게 피어오릅니다.","오렌지 마말레이드와 블랙커런트, 호두의 풍미가 진한 에스프레소 노트와 어우러집니다.",다크 초콜릿과 풍부한 셰리 여운이 입안에 오래도록 감돕니다.,,4,1,5,3,4,화려한 베리와 다크 초콜릿의 매혹적인 조화,1,46,ai_estimated
Glendronach 18,"농축된 자두, 무화과, 구운 견과류와 함께 은은한 가죽과 담뱃잎 향이 느껴집니다.","달콤한 꿀에 절인 과일, 스파이시한 오크, 브랜디에 적신 케이크의 풍미가 묵직합니다.",깊고 진한 셰리의 풍미가 오랜 시간 따뜻하게 여운을 남깁니다.,,4,1,5,3,5,"글렌드로낙의 전설, 깊고 진한 셰리의 정점",1,46,ai_estimated
Glendronach 21 Parliament,"익은 블루베리와 블랙베리, 자두 잼의 진한 과일향에 꿀과 허브 노트가 곁들여집니다.","오렌지, 초콜릿, 호두, 그리고 오랜 숙성에서 오는 부드러운 타닌과 스파이스가 돋보입니다.",복합적인 과일과 풍부한 오크의 여운이 끝없이 이어집니다.,,4,1,5,3,5,세월이 빚어낸 웅장하고 복합적인 셰리의 진수,1,48,ai_estimated
Octomore 14.1,"강렬한 피트 연기 속에서 풋사과, 시트러스, 바닐라 커스터드의 달콤함이 뿜어져 나옵니다.","폭발적인 스모크와 함께 꿀, 맥아, 페퍼민트, 바다 소금의 풍미가 묵직하게 들이닥칩니다.",압도적인 피트와 드라이한 오크의 여운이 아주 길고 강렬하게 남습니다.,,3,5,3,4,5,극한의 피트와 놀라운 섬세함의 공존,3,59,ai_estimated
Glenallachie 10 CS,"꿀, 건포도, 진한 다크 초콜릿 향에 오렌지 껍질과 생강의 스파이스가 강렬합니다.","버터스카치, 건자두, 모카 커피, 그리고 묵직한 오크의 풍미가 폭발적으로 다가옵니다.",달콤함과 스파이시함이 조화를 이루며 길고 진하게 여운을 남깁니다.,,5,1,4,4,5,도수를 뛰어넘는 폭발적인 단맛과 묵직함,1,57,ai_estimated
Glenallachie 8,"꿀, 바닐라, 신선한 사과와 함께 시나몬과 버터 스카치 향이 기분 좋게 피어오릅니다.","오렌지 제스트, 토피, 생강, 그리고 달콤한 건포도의 풍미가 활기차게 어우러집니다.",달콤한 과일과 부드러운 스파이스가 깔끔한 여운을 남깁니다.,,4,1,4,3,4,젊고 활기찬 글렌알라키의 시그니처 단맛,1,46,ai_estimated
Glenallachie 15,"진한 건포도, 버터스카치, 그리고 달콤한 바닐라 향이 묵직한 오크와 함께 다가옵니다.","바나나, 오렌지 껍질, 무화과, 그리고 진한 다크 초콜릿의 풍미가 크리미하게 퍼집니다.",다크 초콜릿과 따뜻한 스파이스의 여운이 길게 이어집니다.,,4,1,4,3,5,우아한 셰리와 초콜릿의 완벽한 밸런스,1,46,ai_estimated
Glenallachie 18,"말린 무화과, 대추야자, 진한 마지판과 함께 다크 초콜릿의 깊은 향이 느껴집니다.","버터스카치, 건포도, 민트, 그리고 잘 익은 과일의 풍미가 진하고 복합적으로 다가옵니다.",풍부한 과일과 오크의 여운이 부드럽고 길게 지속됩니다.,,4,1,4,3,5,연륜이 느껴지는 깊고 풍부한 셰리의 진수,3,46,ai_estimated
Glenallachie 25,"빈티지 마말레이드, 다크 초콜릿, 모카와 함께 오래된 오크의 고귀한 향이 감돕니다.","무화과, 대추, 파인애플, 그리고 시나몬과 진한 캐러멜의 복합적인 풍미가 환상적입니다.",끝없이 이어지는 달콤함과 우아한 스파이스의 긴 여운.,,5,1,5,3,5,마스터 블렌더의 노하우가 집약된 궁극의 셰리,1,48,ai_estimated
Ardbeg Uigeadail,"강렬한 피트 스모크와 함께 달콤한 흑설탕, 에스프레소, 건포도 향이 복합적으로 어우러집니다.","크리미한 질감 속에서 스모키함과 짭조름함, 토피, 그리고 진한 셰리의 단맛이 폭발합니다.","길고 스모키하며, 달콤하면서도 드라이한 여운이 깊게 남습니다.",,4,5,3,4,5,피트와 셰리의 거칠고도 아름다운 만남,1,54,ai_estimated
Ardbeg Corryvreckan,"강렬한 피트 연기와 함께 흑설탕, 다크 초콜릿, 그리고 잘 익은 자두와 같은 검은 과일 향이 뿜어져 나옵니다.","페퍼의 스파이시함이 입안을 때리며, 에스프레소, 크리미한 버터, 그리고 짭조름한 해초와 강한 피트가 층을 이룹니다.",스모크와 에스프레소의 여운이 길고 묵직하게 입안을 맴돕니다.,,2,5,3,5,5,소용돌이처럼 휘몰아치는 강렬한 피트의 진수,1,57.1,ai_estimated
Ardbeg Wee Beastie,"시트러스한 과일 향 뒤로 강렬하고 거친 피트 연기, 갓 구운 베이컨, 그리고 허브의 향이 직관적으로 다가옵니다.","초콜릿, 크레오소트, 그리고 타르의 풍미가 터져나오며 톡 쏘는 후추와 거친 스모크가 입안을 가득 채웁니다.",입안을 알싸하게 자극하는 스모키함과 짭조름한 여운이 길게 이어집니다.,,1,5,2,4,4,어리지만 거칠고 강렬한 5년 숙성 피트 몬스터,1,47.4,ai_estimated
Laphroaig 25,"세월이 빚어낸 은은한 피트 연기 속에서 달콤한 바닐라, 열대 과일, 그리고 고급스러운 오크 향이 조화롭게 피어납니다.","실크처럼 부드러운 텍스처와 함께 꿀, 배 같은 과일의 단맛과 라프로익 특유의 약초, 요오드, 짭조름한 미네랄이 완벽한 균형을 이룹니다.",우아한 스모크와 부드러운 단맛이 오랫동안 여운을 남깁니다.,,3,4,4,2,4,거친 피트가 25년의 세월을 만나 빚어낸 우아함,1,46.8,ai_estimated
Makers Mark,"밀(Wheat) 버번 특유의 부드럽고 달콤한 바닐라, 캐러멜, 그리고 은은한 오크 향이 친근하게 다가옵니다.","꿀, 버터, 그리고 설탕에 절인 과일의 달콤함이 입안을 감싸며 자극적이지 않고 부드러운 목 넘김을 선사합니다.",깔끔하고 달콤한 캐러멜의 여운이 기분 좋게 마무리됩니다.,,4,1,3,2,3,빨간 왁스 밀봉이 약속하는 부드러운 달콤함,1,45.0,ai_estimated
Johnnie Walker Double Black,"오리지널 블랙에 비해 더욱 강조된 진한 스모크와 피트 향, 그리고 건포도와 사과 같은 과일 향이 섞여 있습니다.","스모키한 피트 맛을 바탕으로 크리미한 바닐라, 정향, 그리고 진한 과일의 풍미가 묵직하게 어우러집니다.",스모키함과 은은한 스파이시함이 길고 진한 여운을 남깁니다.,,2,4,2,3,4,더 진하고 스모키하게 진화한 블랙의 무게감,1,40.0,ai_estimated
Johnnie Walker Green Label,"싱그러운 풀잎, 갓 자른 잔디 향과 함께 신선한 과일, 허브, 그리고 은은한 피트와 오크 향이 복합적으로 느껴집니다.","꿀과 과일의 단맛이 입안을 채우며, 쌉싸름한 다크 초콜릿과 스모크, 향신료의 풍미가 다채롭게 펼쳐집니다.",우드향과 은은한 스모크가 조화로운 여운을 선사합니다.,,3,3,4,3,4,15년 숙성 몰트 원액들만이 빚어낸 완벽한 조화,1,43.0,ai_estimated
Johnnie Walker Green 15,"싱그러운 풀잎, 갓 자른 잔디 향과 함께 신선한 과일, 허브, 그리고 은은한 피트와 오크 향이 복합적으로 느껴집니다.","꿀과 과일의 단맛이 입안을 채우며, 쌉싸름한 다크 초콜릿과 스모크, 향신료의 풍미가 다채롭게 펼쳐집니다.",우드향과 은은한 스모크가 조화로운 여운을 선사합니다.,,3,3,4,3,4,15년 숙성 몰트 원액들만이 빚어낸 완벽한 조화,1,43.0,ai_estimated
Johnnie Walker Gold Label,"달콤한 꿀, 바닐라, 그리고 크리미한 버터스카치 향과 함께 은은한 과일 향이 부드럽게 감쌉니다.",입안에서 부드럽게 녹아내리는 꿀과 바닐라의 풍미에 맥아의 고소함과 미세한 스모키함이 살짝 더해집니다.,달콤하고 크리미한 여운이 부드럽게 마무리됩니다.,,4,1,3,2,3,꿀처럼 부드럽고 화려하게 빛나는 황금빛 밸런스,1,40.0,ai_estimated
Johnnie Walker Red Label,"톡 쏘는 스파이시함과 함께 신선한 사과, 배 같은 과일 향과 가벼운 스모크 향이 어우러집니다.",시나몬과 후추 같은 향신료의 자극과 함께 가벼운 단맛과 곡물의 풍미가 직관적으로 다가옵니다.,알싸한 스파이시함과 드라이한 스모크가 짧고 깔끔하게 끝납니다.,,2,2,2,4,2,세계에서 가장 사랑받는 역동적인 스탠다드 위스키,1,40.0,ai_estimated
Glen Grant 15 Batch Strength,"풍부한 과일 향과 함께 꿀, 바닐라, 그리고 갓 구운 페이스트리의 달콤하고 고소한 향이 강렬하게 피어오릅니다.","배, 오렌지 껍질 같은 과일의 풍미와 함께 높은 도수에서 오는 묵직한 바디감, 그리고 기분 좋은 스파이스가 터집니다.",시트러스와 오크의 여운이 길고 따뜻하게 지속됩니다.,,3,1,5,4,5,원액 그대로의 폭발적인 과일 풍미와 묵직함,1,50.0,ai_estimated
Glen Grant 12,"신선한 사과, 배, 그리고 은은한 시트러스와 함께 달콤한 바닐라 향이 화사하게 다가옵니다.","부드러운 꿀, 사과 과즙의 단맛과 함께 은은한 아몬드 풍미가 가벼운 바디감과 함께 조화를 이룹니다.",깔끔하고 상쾌한 과일 향의 여운이 부드럽게 남습니다.,,3,1,4,2,2,과일과 꽃밭을 거니는 듯 화사하고 산뜻한 싱글몰트,1,43.0,ai_estimated
Suntory Special Reserve,"은은한 오크 향과 함께 바닐라, 과일, 그리고 미세한 피트의 뉘앙스가 차분하게 어우러집니다.",부드러운 곡물 단맛과 은은한 과일 풍미가 가볍고 마시기 편안하게 입안을 채웁니다.,깔끔하고 은은한 우디함이 부드러운 여운을 남깁니다.,,3,1,3,2,2,일본 위스키의 전통이 빚어낸 편안한 부드러움,1,40.0,ai_estimated
Nikka Frontier,상큼한 사과와 시트러스 계열의 과일 향에 쌉싸름한 피트 연기와 몰트의 고소함이 부드럽게 섞입니다.,"크리미한 질감 속에서 바닐라, 카라멜의 단맛과 함께 니카 특유의 개성 있는 피트와 스파이스가 조화를 이룹니다.",은은한 스모크와 과일의 단맛이 기분 좋게 맴돕니다.,,3,2,3,3,3,니카의 개성과 부드러움이 만나는 새로운 경계,1,48.0,ai_estimated
Black Nikka Rich Blend,"진한 캐러멜, 바닐라, 그리고 셰리 오크에서 오는 건포도와 같은 달콤하고 진득한 향이 감돕니다.","입안을 꽉 채우는 몰트의 고소함과 함께 초콜릿, 견과류, 그리고 풍부한 단맛이 묵직하게 다가옵니다.",달콤하고 스모키한 여운이 부드럽고 길게 이어집니다.,,4,2,3,2,4,이름처럼 풍성하고 진하게 채워지는 재팬 블렌디드,1,40.0,ai_estimated
Dalmore Cigar Malt Reserve,"말린 과일, 오렌지 마말레이드, 다크 초콜릿, 그리고 고급스러운 시가 박스를 연상시키는 묵직한 오크 향이 진하게 피어납니다.","꿀에 절인 과일, 토피, 그리고 에스프레소의 풍미가 묵직하고 강렬한 바디감과 함께 겹겹이 펼쳐집니다.",달콤한 초콜릿과 스파이스의 여운이 매우 길고 웅장하게 남습니다.,,4,1,4,4,5,시가와 함께할 때 완성이 되는 웅장한 풍미,1,44.0,ai_estimated
Evan Williams Black,"바닐라와 캐러멜의 달콤함이 지배적이며, 은은한 옥수수와 오크 향이 조화를 이룹니다.","설탕에 절인 과일, 꿀, 그리고 부드러운 스파이스가 입안을 감싸며 가볍고 마시기 편합니다.",달콤한 바닐라와 은은한 오크 여운이 깔끔하게 이어집니다.,,4,1,2,2,2,가성비와 맛을 모두 잡은 데일리 버번의 정석,1,43,ai_estimated
Early Times,"풋풋한 곡물 향과 함께 옥수수, 은은한 캐러멜, 그리고 옅은 바닐라 향이 느껴집니다.","가벼운 바디감과 함께 달콤한 옥수수 시럽, 약간의 풀 내음과 풋고추 같은 알싸함이 스칩니다.",약간의 곡물 단맛과 드라이한 오크 터치가 짧게 남습니다.,,3,1,1,3,2,부담 없이 즐기기 좋은 경쾌한 버번,1,40,ai_estimated
Ballantines 17,"크리미한 바닐라와 함께 잘 익은 사과, 꽃 향기가 어우러진 우아한 아로마가 특징입니다.","꿀처럼 달콤하고 부드러운 텍스처와 함께 오크, 은은한 스모크, 과일의 풍미가 완벽한 균형을 이룹니다.",꽃 향기와 은은한 스파이스가 깃든 길고 부드러운 여운을 선사합니다.,,3,2,3,2,3,블렌디드 위스키의 교과서 같은 밸런스,1,43,ai_estimated
Ballantines 21,"풍부한 꿀, 헤이즐넛, 그리고 잘 익은 서양배와 사과의 과일 향이 복합적으로 피어오릅니다.","벨벳처럼 부드러운 질감과 함께 감미로운 바닐라, 감귤류의 상큼함, 그리고 깊은 오크 터치가 느껴집니다.",오랜 숙성에서 오는 깊은 풍미와 달콤한 향신료의 여운이 길게 이어집니다.,,3,2,4,2,4,우아함과 복합미의 절정,1,43,ai_estimated
Ballantines 30,"농축된 꿀, 바닐라, 셰리 오크의 깊은 풍미와 함께 은은한 연기와 초콜릿 향이 감돕니다.","입안을 꽉 채우는 묵직한 바디감과 함께 말린 과일, 바닐라 크림, 복합적인 스파이스가 환상적인 조화를 이룹니다.",끝없이 이어지는 듯한 깊고 우아한 여운이 긴 여운을 남깁니다.,,4,2,4,3,5,시간이 빚어낸 궁극의 부드러움과 복합미,1,43,ai_estimated
White Horse,"몰트의 고소함과 함께 은은한 피트 스모크, 푸른 사과와 시트러스 향이 가볍게 감돕니다.","가볍고 깔끔한 목넘김 속에서 꿀의 단맛과 맥아의 풍미, 그리고 옅은 스모키함이 스칩니다.",드라이하면서도 깔끔한 스모키함이 산뜻하게 마무리됩니다.,,2,2,2,2,2,가볍게 즐기는 클래식 스카치 블렌디드,1,40,ai_estimated
Glen Grant 15 Year Old Batch Strength,"상큼한 레몬과 청사과, 배 등의 과일 향이 강렬하게 다가오며 꿀과 바닐라가 뒤따릅니다.","배치 스트렝스 특유의 묵직한 타격감과 함께 열대과일, 꿀, 진한 오크 스파이스가 폭발적으로 터집니다.",시트러스의 상큼함과 따뜻한 스파이스가 길고 강렬하게 여운을 남깁니다.,,3,1,5,4,4,과일 향의 폭발과 고도수의 강렬한 만남,1,50,ai_estimated
The Glenlivet 15 Year Old,버터와 바닐라의 풍부한 향에 프렌치 오크 특유의 은은한 스파이스와 고소한 견과류 향이 조화롭습니다.,"매우 부드럽고 크리미한 질감 속에서 달콤한 꿀, 망고 등 열대과일, 그리고 은은한 오크 터치가 느껴집니다.",달콤한 아몬드와 은은한 스파이스가 부드럽게 감싸며 마무리됩니다.,,4,1,4,2,3,프렌치 오크가 선사하는 크리미한 우아함,1,40,ai_estimated
Lagavulin 16 Year Old,"강렬한 피트 스모크와 요오드 향 뒤로 건포도, 무화과 같은 말린 과일의 달콤함과 바다가 연상되는 짭조름함이 느껴집니다.","묵직하고 강렬한 스모키함과 함께 셰리 통에서 온 풍부한 단맛, 건조된 과일, 몰트의 풍미가 묵직하게 밀려옵니다.",입안을 길게 감도는 깊은 피트 연기와 스파이스의 여운이 압도적입니다.,,3,5,3,3,5,아일라 피트 위스키의 거부할 수 없는 제왕,1,43,ai_estimated
Mr. Boston Straight Bourbon,"옥수수 푸딩, 가벼운 바닐라, 그리고 옥수수 전분의 소박하고 직관적인 향이 감돕니다.","가벼운 바디감에 옥수수 시럽의 단맛, 약간의 곡물 풋내와 알코올 터치가 느껴집니다.","짧고 드라이하며, 은은한 달콤함이 가볍게 스쳐 지나갑니다.",,3,1,1,2,2,칵테일 베이스로 제격인 클래식 믹서,3,40,ai_estimated
Elijah Craig Straight Rye,"흑설탕의 진한 단맛과 함께 호밀 특유의 알싸한 허브, 후추, 시나몬 향이 복합적으로 다가옵니다.","풍부한 바닐라, 캐러멜의 달콤함 뒤로 호밀의 매콤한 스파이스와 오크 터치가 강렬한 타격감을 줍니다.",따뜻하고 스파이시한 여운이 길게 이어지며 드라이하게 마무리됩니다.,,3,1,2,5,4,달콤함과 알싸함의 완벽한 밸런스,1,47,ai_estimated
Bulleit Rye,"풍부한 호밀에서 오는 강한 스파이스와 함께 신선한 허브, 체리, 배의 향이 상쾌하게 어우러집니다.","입안을 때리는 토피, 꿀의 단맛과 후추, 시나몬, 정향 등 복합적인 향신료의 맛이 톡톡 깁니다.",토피와 따뜻한 스파이스가 길고 드라이하게 여운을 남깁니다.,,2,1,3,5,3,높은 호밀 비율이 선사하는 짜릿한 스파이스,1,45,ai_estimated
Limavady Single Malt Irish Whiskey,"잘 익은 과일 향과 함께 구운 곡물, 바닐라, 그리고 은은한 셰리 통의 너티함이 감돕니다.","크리미한 질감 속에서 꿀, 바닐라, 구운 사과, 그리고 가벼운 생강 스파이스가 조화를 이룹니다.",은은한 단맛과 따뜻한 오크 향이 부드럽게 여운을 남깁니다.,,3,1,3,2,3,아일랜드 싱글몰트의 부드러운 재해석,1,46,ai_estimated
Woodford Reserve Double Oaked,"강렬한 진한 캐러멜, 다크 초콜릿, 구운 헤이즐넛과 함께 풍부한 바닐라와 사과 향이 압도적입니다.","두 번 구운 오크통 덕분에 묵직하고 꾸덕한 바디감과 함께 흑설탕, 메이플 시럽, 진한 오크의 풍미가 가득 찹니다.",달콤하고 스모키한 오크 여운이 아주 길고 깊게 지속됩니다.,,5,2,2,3,5,오크의 깊고 진한 달콤함을 품은 버번,1,43.2,ai_estimated
Dewar's 12 Year Old,"잘 익은 과일, 시트러스, 그리고 꿀에 절인 건포도와 은은한 바닐라 향이 조화롭습니다.","더블 아이지드 공법 특유의 부드러움 속에서 버터스카치, 과일 샐러드, 은은한 오크의 풍미가 느껴집니다.",달콤하면서도 깔끔한 과일 향의 여운이 기분 좋게 마무리됩니다.,,3,1,3,2,3,더블 에이징으로 더 부드러워진 스카치,1,40,ai_estimated
Glenmorangie The Nectar 16 Year Old,"달콤한 꿀, 바닐라 크림과 함께 풍부한 레몬 타르트, 오렌지 껍질의 시트러스가 매력적으로 다가옵니다.","소테르누스 와인 캐리시에서 온 진한 디저트 같은 달콤함과 생강, 구운 견과류의 복합적인 맛이 부드럽게 감쌉니다.",입안에 은은하게 퍼지는 과일의 풍미와 부드러운 스파이스가 기분 좋은 여운을 남깁니다.,,5,1,5,2,4,달콤하고 화사한 디저트 같은 싱글몰트,1,46,ai_estimated
Springbank 15 Year Old,"짙은 셰리 캐스크의 영향으로 말린 과일, 다크 초콜릿, 가죽 향과 함께 스프링뱅크 특유의 짭조름한 해풍이 감돌아옵니다.","오렌지 마말레이드, 무화과, 풍부한 견과류의 맛이 묵직한 바디감과 함께 밸런스 좋게 펼쳐집니다.","스모크와 흙내음, 짠맛과 단맛이 어우러진 깊고 긴 여운이 이어집니다.",,3,3,4,3,5,캠블턴의 복합미를 극한으로 보여주는 명작,1,46,ai_estimated
Jameson Standard,"가볍고 신선한 과일 향과 함께 은은한 바닐라, 구운 나무의 향이 편안하게 다가옵니다.","달콤한 바닐라 노트와 고소한 견과류, 부드러운 곡물의 풍미가 조화롭게 어우러집니다.",깔끔하게 떨어지는 마무리와 함께 은은한 꿀의 여운이 남습니다.,,3,1,3,2,2,누구나 편하게 즐기는 아이리시 위스키의 정석,1,40,ai_estimated
Russell's Reserve 10 Year Old,"풍부한 캐러멜, 바닐라와 함께 깊은 오크통의 향, 그리고 묵직한 버터스카치 향이 느껴집니다.","구운 오크와 진한 바닐라, 달콤한 흑설탕 맛이 입안을 가득 채우며 묵직한 무게감을 줍니다.",오랫동안 따뜻하게 이어지는 스파이시함과 달콤한 여운이 인상적입니다.,,4,1,2,4,4,와일드 터키의 깊고 진한 전통을 담은 버번,1,45,ai_estimated
Clynelish 14 Year Old,"은은한 왁스질(밀랍)의 질감과 함께 사과, 배 같은 과일 향, 그리고 가벼운 해풍의 느낌이 묻어납니다.",풍부한 과일의 단맛 뒤로 짭조름하면서도 왁시한 독특한 질감과 스파이시함이 조화를 이룹니다.,왁시한 여운과 함께 은은한 피트와 짭조름한 미네랄 감각이 길게 이어집니다.,,3,2,4,3,4,독특한 밀랍 질감과 해풍이 깃든 북부의 보석,1,46,ai_estimated
Bladnoch 16 Year Old Oloroso Sherry Cask,"올로로소 셰리 캐스크에서 온 진한 건포도, 자두, 초콜릿 향과 함께 오크의 깊은 향이 코를 감쌉니다.","풍부한 말린 과일, 호두, 스위트 스파이스의 맛이 묵직하고 크리미한 바디감과 함께 다가옵니다.",달콤하면서도 드라이한 스파이스가 길고 고급스럽게 여운을 남깁니다.,,4,1,5,3,4,저지방 증류소의 화려하고 진한 셰리 변신,1,46,ai_estimated
Blanton's Single Barrel,"달콤한 캐러멜과 바닐라 향을 중심으로 오렌지 껍질, 꿀, 풍부한 참나무 향이 조화롭게 피어오릅니다.","옥수수의 단맛과 바닐라, 버터스카치가 입안에서 부드럽게 녹아들며 정향과 계피의 스파이스가 더해집니다.",따뜻하고 달콤한 캐러멜과 오크의 여운이 길게 이어집니다.,,4,1,3,3,4,싱글 배럴 버번의 우아함과 깊이의 정점,1,46.5,ai_estimated
Aberfeldy 12 Year Old,"꿀에 절인 사과와 배의 과일 향과 함께 왁시한 느낌, 그리고 은은한 바닐라가 부드럽게 다가옵니다.","꿀, 바닐라, 과일의 단맛과 함께 약간의 스파이시함과 시트러스한 상큼함이 균형을 이룹니다.",달콤한 꿀의 풍미와 오크의 여운이 따뜻하게 남습니다.,,4,1,4,2,3,황금빛 꿀과 과일향이 매력적인 하이랜드 싱글몰트,1,40,ai_estimated
Russell's Reserve Single Barrel Rye,"진한 호밀(라이) 특유의 스파이시함과 함께 바닐라, 캐러멜, 민트, 허브 향이 강렬하게 코를 자극합니다.","흑설탕의 진한 단맛 뒤로 후추, 시나몬 같은 강한 스파이스와 오크의 풍미가 묵직하게 어우러집니다.",화끈한 스파이시함과 함께 오크와 달콤함이 길고 강렬한 여운을 남깁니다.,,3,1,2,5,5,와일드 터키가 선사하는 강렬하고 묵직한 라이,3,52,ai_estimated
Willett Family Estate Small Batch Rye,"민트, 유칼립투스, 진한 바닐라와 함께 달콤한 꿀, 풋사과 같은 상쾌하고 복합적인 향이 감돕니다.","강렬한 호밀의 스파이스와 함께 꿀, 버터스카치, 구운 견과류의 풍미가 환상적인 밸런스를 이룹니다.",오랜 시간 지속되는 진한 스파이스와 달콤한 민트의 여운이 일품입니다.,,3,1,3,5,5,버번과 라이 애호가들의 찬사를 받는 프리미엄 병입,5,55,ai_estimated
Highland Park 25 Year Old,"오크니 섬의 피트에서 오는 은은한 스모크와 함께 잘 익은 열대과일, 꿀, 다크 초콜릿 향이 우아하게 어우러집니다.","풍부한 과일 케이크, 벌꿀, 견과류, 그리고 겹겹이 쌓인 스모크와 피트가 웅장한 맛을 냅니다.",끝없이 이어지는 달콤함과 부드러운 스모크의 여운이 깊은 감동을 줍니다.,,4,3,4,2,5,시간이 빚어낸 오크니 섬의 전설적인 럭셔리 위스키,1,45.7,ai_estimated
Grant's Triple Wood,"가벼운 바닐라와 함께 신선한 과일 향, 은은한 곡물의 향이 부담 없이 다가옵니다.","부드러운 맥아의 단맛과 과일 풍미, 가벼운 오크의 터치가 편안하게 입안을 감쌉니다.",깔끔하고 무난하게 떨어지는 데일리 블렌디드 위스키의 여운입니다.,,3,1,3,2,2,세 가지 목통이 만든 부드러운 데일리 블렌디드,1,40,ai_estimated
White Oak Akashi Red,"은은한 곡물 향과 함께 풋사과, 바닐라의 가벼운 단맛이 부드럽게 코를 스칩니다.","부드러운 목넘김과 함께 꿀, 캐러멜, 약간의 스파이시함이 조화를 이룹니다.",깔끔하고 가벼운 마무리로 가볍게 즐기기 좋은 여운을 남깁니다.,,3,1,3,2,2,일본 해안가 증류소의 부드러운 블렌디드,1,40,ai_estimated
Suntory Old Whisky,"잘 익은 과일의 달콤함과 함께 은은한 피트의 스모크, 나무 향이 클래식하게 느껴집니다.","부드럽고 둥글둥글한 바디감과 함께 꿀, 간장(은은한 짭조름함), 향신료의 조화로운 맛이 납니다.",차분하고 따뜻한 여운이 부드럽게 마무리를 짓습니다.,,3,2,3,2,3,일본 위스키의 역사와 전통을 담은 클래식,1,43,ai_estimated
Jack Daniel's Single Barrel Barrel Proof,"진한 바닐라, 캐러멜, 구운 오크의 향이 폭발하듯 강렬하게 다가오며 흑설탕의 단맛이 묻어납니다.","압도적인 도수에서 오는 묵직한 바디감과 함께 짙은 캐러멜, 토피, 스파이시함이 입안을 강타합니다.",길고 뜨겁게 이어지는 오크와 달콤한 바닐라의 여운이 짜릿한 인상을 줍니다.,,4,2,2,5,5,잭 다니엘의 힘과 풍미를 고스란히 담은 원액,1,64.5,ai_estimated
Aberfeldy 16 Year Old,"꿀로 글레이즈드한 과일 향과 함께 헤더 허브, 진한 바닐라 노트가 부드럽게 피어오릅니다.","풍부한 꿀, 감미로운 과일 파이, 그리고 구운 오크의 풍미가 크리미한 질감과 함께 다가옵니다.",오크의 스파이스와 은은한 오렌지 껍질의 여운이 길고 따뜻하게 이어집니다.,,4,1,4,2,4,꿀과 과일이 빚어낸 황금빛 위스키,1,40,ai_estimated
The Glenturret 12 Year Old (2025 Release),"풍부한 과일 케이크, 말린 과일, 그리고 신선한 오크 향이 조화롭게 어우러집니다.","잘 익은 과일의 달콤함과 생강, 계피 같은 따뜻한 향신료의 풍미가 묵직하게 입안을 채웁니다.",풍부한 오크 향과 달콤한 과일의 여운이 길고 우아하게 남습니다.,,3,1,4,3,4,전통과 장인정신이 담긴 깊이 있는 12년,1,43,ai_estimated
Suntory Kakubin,"은은한 감귤류의 시트러스와 레몬 필, 그리고 가벼운 곡물 향이 산뜻하게 다가옵니다.",달콤한 바닐라와 꿀의 풍미가 가볍고 깔끔한 스모크와 함께 부드럽게 어우러집니다.,드라이하면서도 깔끔한 생강과 오크의 여운이 산뜻하게 마무리됩니다.,,3,2,3,2,2,하이볼의 영원한 클래식 스탠다드,1,40,ai_estimated
The Glenturret 12 Year Old (2024 Release),"말린 과일, 풍성한 오크 터치, 그리고 은은한 바닐라와 초콜릿의 향이 감돌니다.","잘 익은 건포도와 사과, 그리고 묵직한 향신료의 풍미가 크리미하게 다가옵니다.",달콤함과 스파이시함이 균형을 이루며 따뜻한 여운을 남깁니다.,,3,1,4,3,4,스코틀랜드 최고(最古) 증류소의 클래식,1,43,ai_estimated
Nikka Taketsuru Pure Malt,"달콤한 과일 향과 함께 부드러운 토피, 그리고 은은한 피트 스모크가 복합적으로 피어오릅니다.","다양한 맥트 원액에서 오는 풍부한 과일 맛과 캐러멜, 그리고 은은한 스파이스의 조화가 돋보입니다.",부드러운 스모키함과 달콤함이 조화롭게 어우러진 긴 여운을 선사합니다.,,3,2,4,3,4,재팬 위스키의 아버지에게 바치는 찬가,1,43,ai_estimated
Glenmorangie Signet,"진한 에스프레소, 구운 과일, 그리고 다크 초콜릿과 풍부한 향신료의 압도적인 아로마.","녹아내리는 티라미수, 오렌지 껍질, 그리고 강렬한 스파이스가 벨벳 같은 질감으로 감쌉니다.",끝없이 이어지는 모카 커피와 따뜻한 향신료의 극상의 여운.,,4,1,3,4,5,"위스키 예술의 정점, 궁극의 럭셔리",1,46,ai_estimated
Woodford Reserve Straight Bourbon,"풍부한 건과일 향, 바닐라, 캐러멜과 함께 민트와 은은한 시트러스의 터치가 느껴집니다.","바닐라와 달콤한 옥수수 맛을 바탕으로 달고나, 견과류, 풍부한 향신료가 복합적으로 다가옵니다.",부드럽고 크리미한 질감과 함께 따뜻한 오크의 여운이 길게 이어집니다.,,4,1,3,3,4,풍부하고 부드러운 프리미엄 버번의 기준,3,43.2,ai_estimated
Monkey Shoulder,"상큼한 오렌지 껍질과 바닐라, 꿀, 그리고 은은한 스파이스가 발랄하게 조화를 이룹니다.",크리미한 바닐라 커스터드와 달콤한 과일 맛이 가볍고 부드럽게 입안을 감쌉니다.,깔끔하고 달콤한 맥아의 여운이 산뜻하게 마무리됩니다.,,4,1,4,2,3,누구나 즐겁게 마시는 최고의 블렌디드 몰트,1,40,ai_estimated
Glenmorangie The Original 12 Year Old,"상큼한 레몬과 복숭아, 그리고 부드러운 바닐라의 아로마가 꽃 향기와 함께 피어오릅니다.","오렌지, 허니, 크리미한 바닐라가 입안에서 감미롭게 녹아내리며 과일의 달콤함을 선사합니다.",복숭아와 오렌지의 상큼한 여운이 부드럽고 깔끔하게 남습니다.,,4,1,4,2,3,글렌모란지의 우아함과 부드러움의 정수,1,40,ai_estimated
Nikka Single Malt Yoichi,"스모키한 피트와 함께 청사과, 배 같은 싱그러운 과일 향, 은은한 해조류의 노트가 감돌니다.","묵직한 바디감과 함께 피트 스모크, 다크 초콜릿, 몰트의 단맛이 남성적으로 어우러집니다.",짭조름한 해풍의 느낌과 스모키한 여운이 길고 묵직하게 남습니다.,,3,4,3,3,4,바다의 기운을 담은 강렬한 몰트,1,45,ai_estimated
Longrow Peated,"강렬하고 흙 냄새가 나는 피트 스모크와 함께 바닐라, 시트러스, 은은한 캠프파이어 향이 납니다.","진득한 스모크와 함께 크리미한 바닐라, 타르, 그리고 말린 과일의 단맛이 묵직하게 다가옵니다.",깊고 드라이한 스모키함이 길고 강렬하게 입안을 감쌉니다.,,2,5,3,4,4,스프링뱅크가 빚어낸 강렬한 피트의 매력,1,46,ai_estimated
Nikka Single Malt Miyagikyo,"사과, 배, 잘 익은 과일의 향과 함께 우아한 바닐라, 은은한 꽃 향기가 화사하게 다가옵니다.","부드럽고 실키한 질감 속에서 배의 달콤함, 밀크 초콜릿, 가벼운 향신료가 조화를 이룹니다.",부드럽고 달콤한 과일의 여운이 깔끔하게 마무리됩니다.,,4,1,4,2,3,과일과 꽃향기가 피어나는 우아한 니카,1,45,ai_estimated
Angel's Envy Port Cask Finish,"포트 와인 캐스크에서 온 풍부한 붉은 과일, 체리, 익은 포도 향과 바닐라가 감돌니다.",달콤한 메이플 시럽과 초콜릿 맛을 바탕으로 베리류의 과일 산미와 시나몬 스파이스가 어우러집니다.,포트 와인의 달콤하고 우아한 여운이 길고 부드럽게 이어집니다.,,5,1,5,3,4,포트 캐스크가 선사하는 천상의 달콤함,1,43.3,ai_estimated
Tsunuki 2026 Edition,"혼슈 남쪽의 따뜻한 기후를 반영하듯 짙은 과일 향과 함께 훈연된 허브, 은은한 피트 향이 감돌아옵니다.","다크 체리, 잘 익은 사과 같은 풍부한 과일 풍미와 함께 쌉싸름한 오크와 스파이시함이 조화를 이룹니다.",따뜻하고 스모키한 여운이 길게 이어지며 깊은 여상을 남깁니다.,,3,3,4,3,4,일본 남쪽 증류소의 묵직하고 복합적인 매력,1,50,ai_estimated
Glen Grant 10 Year Old,"신선한 사과와 레몬 껍질의 상큼함이 지배적이며, 은은한 꽃향기와 꿀의 아로마가 가볍게 감쌉니다.","부드럽고 달콤한 과일 맛과 함께 풋사과, 배, 그리고 가벼운 맥아의 풍미가 산뜻하게 다가옵니다.",깔끔하고 청량한 과일 향이 가볍고 산뜻한 여운을 남깁니다.,,3,1,5,2,2,과일과 꽃향기가 가득한 청량한 스카치,1,40,ai_estimated
Elements of Islay Peat,"의약품 같은 피트 스모크와 함께 짭조름한 해초, 그리고 레몬 제스트의 시트러스함이 강렬하게 코를 자극합니다.","직관적인 스모키함과 함께 캔디 같은 단맛, 그리고 강한 후추의 스파이시함이 폭발적으로 전해집니다.",길게 이어지는 스모키함과 바닷바람 같은 짭조름함이 돋보입니다.,,2,5,2,4,4,아일레이 피트의 진수를 담은 강렬함,1,45,ai_estimated
Caol Ila 12 Year Old,"은은한 스모크와 함께 신선한 허브, 레몬 그라스, 그리고 젖은 모래와 같은 아일레이 특유의 해양 노트가 느껴집니다.","부드러운 단맛으로 시작해 스모키한 연기와 생강, 훈연된 베이컨 같은 짭조름한 풍미가 밸런스 좋게 퍼집니다.",드라이하면서도 달콤 쌉싸름한 스모키함이 개운하게 여운을 남깁니다.,,2,4,3,3,3,우아한 연기와 바다 향의 완벽한 조화,1,43,ai_estimated
Jim Beam White Label,"달콤한 옥수수 향과 함께 바닐라, 캐러멜, 그리고 은은한 오크의 아로마가 가볍고 친근하게 다가옵니다.","바닐라와 캐러멜의 직관적인 단맛 뒤로 옥수수 특유의 고소함과 약간의 풋내, 그리고 시나몬 스파이스가 느껴집니다.","깔끔하고 가벼우며, 은은한 오크와 스파이스의 여운이 짧게 마무리됩니다.",,4,1,2,3,2,전 세계가 사랑하는 클래식 버번의 기준,1,40,ai_estimated
Jim Beam Black Extra Aged,"오랜 숙성에서 오는 묵직한 바닐라, 캐러멜, 그리고 구운 오크와 다크 초콜릿의 향이 깊이 있게 피어오릅니다.","화이트보다 더욱 풍부해진 바닐라와 캐러멜의 단맛, 그리고 진한 오크 터치와 견과류의 고소함이 묵직하게 감쌉니다.",달콤함과 은은한 스파이스가 따뜻하고 길게 여운을 남깁니다.,,4,1,3,3,3,더 깊고 진해진 짐빔의 프리미엄 버번,1,43,ai_estimated
Teacher's Highland Cream,"풍부한 몰트 향과 함께 사과, 배 같은 과일 향, 그리고 은은한 피트 스모크가 균형 있게 어우러집니다.","높은 몰트 함량에서 오는 진한 곡물 풍미와 크리미한 단맛, 그리고 가벼운 스파이스가 부드럽게 감깁니다.",깔끔한 곡물과 드라이한 스모키함이 산뜻한 여운을 선사합니다.,,3,2,3,3,3,몰트의 풍미를 듬뿍 담은 개성 있는 블렌디드,1,40,ai_estimated
Redbreast 12 Year Old,"잘 익은 과일(무화과, 자두) 향과 함께 진한 셰리 오크, 바닐라, 그리고 싱글팟스틸 특유의 향신료 향이 복합적입니다.","크리미하고 오일러스한 텍스처 위로 꿀, 과일, 구운 견과류, 그리고 톡 쏘는 스파이스가 조화롭게 폭발합니다.",복합적인 과일과 풍부한 스파이스의 여운이 길고 우아하게 이어집니다.,,4,1,4,4,4,아이리시 위스키의 정수를 보여주는 명작,1,40,ai_estimated
Glenmorangie Quinta Ruban 14 Year Old,"다크 초콜릿, 민트, 그리고 달콤한 오렌지와 풍부한 베리류의 아로마가 매혹적으로 다가옵니다.","루비 포트 와인 캐스크에서 오는 진한 초콜릿, 월넛, 그리고 잘 익은 만다린 오렌지의 달콤새콤함이 진득합니다.",오렌지 껍질과 초콜릿의 달콤 쌉싸름한 여운이 길고 부드럽게 남습니다.,,4,1,4,2,4,포트 와인 캐스크가 빚어낸 초콜릿과 과일의 향연,3,46,ai_estimated
Royal Brackla 12 Year Old,"향기로운 꽃향기와 함께 잘 익은 복숭아, 배, 그리고 바닐라 캐러멜의 달콤함이 우아하게 감돕니다.","부드럽고 크리미한 텍스처와 함께 시나몬, 생강 같은 따뜻한 스파이스와 풍부한 과일의 단맛이 조화를 이룹니다.",과일과 은은한 오크의 풍미가 포근하고 부드러운 여운을 남깁니다.,,3,1,4,2,3,왕실의 품격을 담은 우아한 과일 향,1,40,ai_estimated
Russell's Reserve 6 Year Old Rye,"진한 호밀(Rye) 특유의 풀 향과 함께 바닐라, 캐러멜, 그리고 은은한 가죽과 오크의 아로마가 느껴집니다.","풍부한 꿀의 단맛과 함께 후추, 정향 같은 묵직하고 알싸한 스파이스가 혀를 감싸며 곡물의 고소함이 돋보입니다.",드라이하면서도 스파이시한 여운이 길고 강렬하게 남습니다.,,2,1,2,5,4,와일드 터키의 내공이 담긴 묵직한 호밀 위스키,1,45,ai_estimated
Dalwhinnie 15 Year Old,"은은한 꿀 향과 함께 헤더(히스 꽃), 신선한 사과, 그리고 달콤한 바닐라 아로마가 부드럽게 퍼집니다.","입안에서 꿀처럼 부드럽게 녹아드는 단맛과 함께 시트러스, 맥아, 그리고 가벼운 견과류의 풍미가 정갈합니다.",청량하면서도 따뜻한 꿀과 이탄의 느낌이 부드럽게 여운을 남깁니다.,,4,1,3,2,2,하이랜드의 서늘함이 빚어낸 부드러운 꿀물 같은,1,43,ai_estimated
Four Roses Single Barrel,"풍부한 메이플 시럽, 바닐라, 다크 체리와 같은 진한 과일 향이 복합적이고 고급스럽게 코를 감쌉니다.","강렬한 바닐라와 캐러멜의 단맛 뒤로 시나몬, 육두구 등의 스파이스와 풍성한 과일 풍미가 꽉 찬 바디감으로 다가옵니다.",깊고 스파이시하며 긴 여운이 매력적인 프리미엄 버번입니다.,,4,1,4,4,5,싱글 배럴의 깊고 풍부한 과일과 스파이스,1,50,ai_estimated
Cutty Sark Prohibition Edition,"바닐라, 오렌지 껍질, 그리고 은은한 스파이스와 풍부한 견과류 향이 코를 감쌉니다.",크리미한 토피와 캐러멜의 달콤함 뒤로 따뜻하고 묵직한 스파이시함이 조화를 이룹니다.,달콤함과 은은한 오크 향이 따뜻하게 지속됩니다.,,3,2,3,4,4,강렬하고 부드러운 금지법 시대의 재현,1,50.0,ai_estimated
Glenmorangie Lasanta 12 Year Old,"셰리 캐러멜, 건포도, 토피와 함께 꿀에 절인 오렌지 껍질의 풍성한 향이 느껴집니다.","초콜릿으로 코팅된 건포도와 호두, 그리고 따뜻한 향신료의 맛이 입안을 부드럽게 채웁니다.",오렌지 향과 헤이즐넛의 여운이 길게 이어집니다.,,4,1,4,3,4,셰리 캐스크의 따뜻하고 풍성한 유혹,1,43.0,ai_estimated
Tamdhu 18 Year Old,"진한 셰리 노트와 함께 말린 과일, 다크 초콜릿, 시나몬의 깊고 우아한 향이 납니다.","체리, 자두, 풍부한 견과류와 오크가 어우러져 벨벳 같은 질감과 깊은 단맛을 선사합니다.",길고 따뜻한 스파이스와 말린 과일의 여운이 여운을 남깁니다.,,4,1,5,3,5,100% 셰리 캐스크가 선사하는 깊은 숙성미,1,46.8,ai_estimated
Nikka Session,화사한 사과와 배 같은 과일 향에 바닐라와 은은한 몰트 향이 조화롭게 다가옵니다.,"부드러운 크림과 오렌지 껍질, 그리고 꿀 같은 단맛과 경쾌한 스파이시함이 느껴집니다.",은은한 피트의 터치와 함께 깔끔하게 떨어집니다.,,3,2,4,2,3,스코틀랜드와 일본의 리드미컬한 하모니,1,43.0,ai_estimated
Auchentoshan American Oak,"바닐라, 코코넛, 그리고 싱그러운 시트러스와 청사과 향이 부드럽게 피어오릅니다.","코코넛 크림, 복숭아, 그리고 버거번의 달콤함이 가볍고 산뜻하게 입안을 감쌉니다.",상큼한 과일 향과 은은한 달콤함이 깔끔하게 마무리됩니다.,,3,1,4,2,2,가볍고 산뜻한 로우랜드의 아메리칸 스타일,1,40.0,ai_estimated
Edradour No.2 Inaugural Release 7 Year Old,"강렬한 셰리 노트와 베리류, 진한 가죽과 스파이스 향이 묵직하게 다가옵니다.","풍부한 건과일, 진한 토피, 그리고 스파이시한 오크의 복합적인 맛이 돋보입니다.",묵직하고 길게 이어지는 셰리의 여운.,,4,1,4,4,5,작은 증류소가 빚어낸 진한 셰리의 응축,1,57.1,ai_estimated
Glen Scotia Double Cask,캐러멜과 바닐라의 달콤함 뒤로 짭조름한 해풍과 은은한 과일 향이 스칩니다.,"꿀, 오렌지 잼, 그리고 캠벨타운 특유의 짭짤하고 드라이한 스파이스가 조화를 이룹니다.",드라이하면서도 스파이시한 여운이 바다 내음과 함께 남습니다.,,3,2,3,3,3,캠벨타운의 바다와 달콤함이 만난 순간,1,46.0,ai_estimated
Glen Grant Arboralis Cask Strength,"싱그러운 과일 향과 바닐라, 꿀의 단향이 강렬하게 코를 자극합니다.","배, 사과 같은 신선한 과일의 풍미와 함께 캐스크 스트렝스 특유의 묵직한 몰트와 스파이스가 터집니다.",오크와 과일의 풍미가 화사하고 길게 이어집니다.,,3,1,4,4,4,자연을 담은 화사하고 강렬한 원초적 매력,1,54.5,ai_estimated
Old Parr 12 Year Old,"부드러운 과일 향과 함께 토피, 바닐라, 그리고 은은한 오크 향이 포근하게 감쌉니다.","꿀에 절인 과일, 견과류, 부드러운 캐러멜의 단맛이 밸런스 좋게 퍼집니다.",부드럽고 은은한 스모크와 달콤함이 길게 여운을 줍니다.,,3,2,3,2,3,클래식 블렌디드의 부드러운 품격,1,40.0,ai_estimated
The Dalmore 12 Year Old,"오렌지 마말레이드, 초콜릿, 그리고 향신료의 풍부하고 고급스러운 향이 납니다.","구운 감귤류, 시나몬, 바닐라, 그리고 셰리 캐스크의 진한 달콤함이 묵직하게 다가옵니다.",달콤한 오렌지와 오크의 여운이 길고 우아하게 남습니다.,,4,1,4,3,4,왕실의 품격을 담은 화려한 셰리의 정수,1,40.0,ai_estimated
Russell's Reserve 13 Year Old Barrel Proof (2025 Release),"진한 바닐라, 캐러멜, 구운 오크와 함께 흑설탕, 다크 초콜릿, 풍부한 향신료 향이 복합적입니다.","진득한 메이플 시럽, 정향, 가죽, 잘 익은 체리의 묵직하고 강렬한 풍미가 입안을 압도합니다.",오크와 스파이스의 여운이 엄청나게 길고 깊게 지속됩니다.,,4,2,3,5,5,버번 마니아를 매료시키는 13년의 깊이,1,57.4,ai_estimated
The Glenlivet 12 Year Old 200th Anniversary Edition,"잘 익은 배, 오렌지 마말레이드, 그리고 달콤한 바닐라와 코코넛 향이 싱그럽게 피어오릅니다.","풍부한 과일 샐러드, 크리미한 토피, 그리고 은은한 오크의 스파이스가 부드럽게 어우러집니다.",달콤하고 부드러운 여운이 깔끔하게 입안을 감쌉니다.,,3,1,4,2,3,스페이사이드의 원조가 선사하는 200년의 축제,1,43.0,ai_estimated
Campbeltown Loch,"꿀, 바닐라의 달콤함과 함께 캠벨타운 특유의 짭조름한 해풍, 과일 향이 어우러집니다.","피트 스모크, 시트러스, 견과류, 그리고 묵직한 몰트의 풍미가 복합적으로 터집니다.",바다의 짭짤함과 스모키한 여운이 길게 이어집니다.,,3,3,3,3,4,캠벨타운의 매력을 한 병에 담은 블렌디드,1,46.0,ai_estimated
Bowmore 12 Year Old,은은한 레몬과 꿀 향에 어우러지는 특유의 부드러운 피트 향과 짭조름한 해풍의 느낌이 감돈다.,"다크 초콜릿 같은 달콤함과 따뜻하고 묵직한 피트 연기, 과일의 풍미가 조화롭게 입안을 채운다.",길게 이어지는 부드러운 스모크와 은은한 시트러스의 여운이 깔끔하게 남는다.,,3,4,3,2,3,아이슬라의 바다를 품은 밸런스 좋은 피트,1,40,ai_estimated
Bowmore 15 Year Old,"풍부한 다크 초콜릿과 잘 익은 건포도, 그리고 셰리 와인 특유의 달콤한 과일 향이 전면으로 다가온다.","시럽처럼 달콤한 무화과와 삼나무 향, 그리고 보모어 고유의 우아한 토탄 연기가 매끄럽게 얽힌다.",달콤함과 쌉싸름한 스모키함이 오래도록 따뜻하게 지속된다.,,4,3,4,2,4,셰리와 피트가 빚어낸 매혹적인 조화,1,43,ai_estimated
Bowmore 16 Year Old Ruby Port,"포트 와인 캐스크 숙성에서 오는 강렬한 붉은 과일 향, 자두, 체리, 그리고 은은한 허브 향이 난다.","달콤한 베리류의 풍미와 견과류, 다크 초콜릿의 맛이 보모어의 스모키함과 깊이 있게 어우러진다.",드라이하면서도 과일의 달콤함과 스모크가 길고 풍성한 여운을 남긴다.,,4,3,5,3,4,와인 캐스크와 피트의 환상적인 랑데부,1,50.3,ai_estimated
Bowmore 18 Year Old,"크리미한 토피와 잘 익은 과일, 버터scotch 향에 고급스러운 오크와 은은한 연기가 겹겹이 피어오른다.",과일 케이크처럼 달콤하고 부드러운 질감 뒤로 묵직한 초콜릿과 스모키한 피트가 완벽한 균형을 이룬다.,"매우 길고 깊으며, 달콤함과 짭조름한 스모크가 복합적으로 여운을 남긴다.",,4,3,4,2,4,시간이 완성한 우아함과 깊이감,1,43,ai_estimated
Bowmore 21 Year Old Aston Martin Masters Selection,"풍부한 메이플 시럽, 꿀에 절인 견과류, 신선한 가죽 향과 함께 고급스러운 연기가 우아하게 감싼다.","입안을 가득 채우는 크리미한 바닐라와 잘 익은 과일의 풍미, 그리고 깊고 세련된 토탄의 무게감.","끝없이 이어지는 듯한 고급스러운 오크 터치와 과일, 스모크의 여운.",,4,3,4,3,5,장인정신과 속도감이 만난 럭셔리 피트,1,51.5,ai_estimated
Balvenie 12 Year Old The Sweet Toast of American Oak,"버진 아메리칸 오크 특유의 진한 바닐라, 코코넛 향과 함께 달콤한 꿀과 시럽의 향이 감돈다.","캔디드 오렌지, 감귤류의 상큼함과 함께 토피, 버터스카치 같은 진한 달콤함이 입안 가득 퍼진다.",부드럽고 크리미한 오크의 풍미와 달콤함이 따뜻하게 지속된다.,,5,1,4,2,3,달콤함으로 구워낸 아메리칸 오크의 매력,1,43,ai_estimated
Glengoyne 10 Year Old,"푸른 사과, 풋풋한 풀잎 향과 함께 셰리 캐스크에서 온 은은한 건포도와 비스킷 향이 조화롭다.","청사과와 배의 과일 맛, 몰트의 고소함이 꿀의 달콤함과 어우러져 매우 부드럽고 깔끔하다.",깔끔하고 상쾌한 과일 향과 은은한 단맛이 기분 좋게 마무리된다.,,3,1,4,2,3,"논피트의 정석, 사과와 꿀의 순수한 조화",1,40,ai_estimated
Togouchi Single Malt,"신선한 시트러스, 풋사과, 그리고 은은하게 올라오는 바닐라와 곡물의 향이 부드럽게 코를 감싼다.","가볍고 산뜻한 과일 맛과 함께 약간의 견과류, 꿀의 단맛이 은은한 스파이시함과 함께 퍼진다.","깔끔하고 드라이하며, 은은한 오크와 몰트의 여운이 짧고 산뜻하게 남는다.",,3,1,3,3,2,일본 터널 숙성이 빚어낸 섬세한 풍미,1,43,ai_estimated
Tomintoul 10 Year Old,"부드러운 맥아 향과 함께 달콤한 바닐라, 시트러스, 그리고 은은한 꽃 향기가 가볍게 피어오른다.","매우 부드럽고 크리미한 질감, 꿀과 바닐라의 달콤함 뒤로 사과와 배 같은 신선한 과일 풍미가 느껴진다.",깔끔하고 부드러운 단맛이 편안한 여운을 남기며 부담 없이 마무리된다.,,3,1,3,2,2,온화한 스페이사이드의 부드러운 휴식,1,40,ai_estimated
Kavalan Distillery Select No. 1,"망고, 패션프루트 등 열대 과일의 화사한 향과 함께 은은한 바닐라와 꽃 향이 감돈다.","부드럽고 감미로운 과일 풍미가 입안을 채우며, 토피와 바닐라의 달콤함이 매끄럽게 이어진다.",깔끔하고 기분 좋은 과일 향의 여운이 산뜻하게 남는다.,,4,1,5,2,3,열대 과일의 풍미를 담은 카발란의 입문작,1,40,ai_estimated
Kavalan Distillery Select No. 2,풋사과와 배의 신선함에 부드러운 허브 향과 캐러멜의 달콤함이 우아하게 어우러진다.,"풍부한 과일 맛과 함께 바닐라, 오크의 풍미가 겹겹이 느껴지며 복합적인 구조감을 준다.",달콤하면서도 깔끔한 오크 터치가 잔잔한 여운을 선사한다.,,3,1,4,2,3,섬세함과 복합미가 돋보이는 대만 싱글몰트,1,40,ai_estimated
Tamnavulin Double Cask,"사과와 꿀의 달콤함에 이어지는 은은한 배, 시트러스, 그리고 따뜻한 베이킹 향신료의 향.","배 타르트, 오렌지 마말레이드 같은 달콤함과 크리미한 바닐라, 그리고 은은한 계피의 맛이 조화를 이룬다.",달콤하고 부드러운 과일 향이 깔끔하게 마무리된다.,,4,1,4,2,3,두 가지 캐스크가 선사하는 부드러운 달콤함,1,40,ai_estimated
Aberlour 16 Year Old,"풍부하고 깊은 셰리 향, 달콤한 건포도, 호두, 그리고 부드러운 초콜릿의 향이 짙게 풍긴다.","블랙체리, 자두와 같은 검붉은 과일의 풍미와 함께 진한 초콜릿, 오크 스파이스가 크리미하게 얽힌다.","길고 따뜻하며, 달콤한 과일과 스파이시한 여운이 깊은 만족감을 준다.",,4,1,5,3,4,셰리 위스키가 보여주는 진한 풍요로움,1,43,ai_estimated
Glenmorangie 10 Year Old Original,신선한 감귤류와 잘 익은 복숭아 향에 달콤한 바닐라 향이 부드럽게 피어오른다.,"바닐라의 크리미함이 입안을 채우며, 꽃 향기와 과일의 상큼함이 완벽한 밸런스를 이룬다.",오렌지와 복숭아의 은은한 과일 향이 깔끔하고 부드럽게 여운을 남긴다.,,3,1,4,2,3,우아하고 화사한 하이랜드 싱글몰트의 기준,1,40,ai_estimated
Speyburn 10 Year Old,상큼한 레몬과 오렌지 등 시트러스 향에 신선한 풀잎과 꿀의 달콤함이 가볍게 감돈다.,"부드럽고 가벼운 바디감과 함께 과일의 상큼함, 캐러멜, 그리고 은은한 몰트의 단맛이 조화롭다.",깔끔하고 산뜻한 과일과 맥아의 여운이 가볍게 마무리된다.,,3,1,3,2,2,상쾌하고 산뜻하게 즐기는 스페이사이드,1,40,ai_estimated
Nikka Miyagikyo Single Malt,"청사과와 배 같은 상큼한 과실 향과 함께 화사한 꽃내음, 은은한 바닐라가 부드럽게 감돈다.","부드러운 질감 속에서 꿀, 맥아의 달콤함과 함께 셰리 캐스크 유래의 견과류 및 쌉싸름한 오크 터치가 조화를 이룬다.",달콤함과 은은한 스파이시함이 깔끔하고 기분 좋게 여운을 남긴다.,,3,1,4,2,3,화사하고 과일향 가득한 닛카의 대표 싱글몰트,1,45,ai_estimated
Tamnavulin Oloroso Cask Edition,"올로로소 셰리 캐스크 숙성에서 오는 진한 건포도, 무화과, 오렌지 마말레이드의 달콤하고 풍부한 향이 감긴다.","흑설탕, 메이플 시럽의 진한 단맛과 함께 계피, 생강 같은 스파이스가 따뜻하게 퍼진다.",달콤한 과일과 은은한 다크 초콜릿의 풍미가 묵직하게 이어진다.,,4,1,4,3,3,풍부한 셰리의 달콤함을 담은 가성비 위스키,1,40,ai_estimated
The Glenlivet 13 Year Old Cask Strength Batch 4,"퍼스트필 퍼트 아메리칸 오크의 영향으로 진한 바닐라 크림, 구운 코코넛, 잘 익은 배의 향이 강렬하게 피어오른다.","캐스크 스트렝스의 높은 도수에서 오는 묵직한 바디감과 함께 꿀에 절인 과일, 오크 스파이스가 폭발적으로 다가온다.","길고 따뜻하며, 달콤한 바닐라와 은은한 생강의 여운이 깊게 남는다.",,4,1,4,4,4,강렬한 도수 속에서 피어나는 순수한 글렌리벳의 진수,1,63,ai_estimated
Loch Lomond Original,"신선한 풋사과, 시트러스 계열의 상큼함과 함께 은은한 곡물 향이 가볍게 다가온다.",몰트의 고소함과 꿀의 달콤함이 가벼운 바디감과 함께 부드럽게 퍼진다.,깔끔하고 청량한 과일 향이 가볍게 마무리된다.,,3,1,3,2,2,누구나 편하게 즐기는 산뜻하고 부드러운 로크로몬드,1,40,ai_estimated
Sakurao Single Malt,"오렌지 필, 레몬 등 감귤류의 상큼함과 함께 은은한 벚꽃 및 허브 계열의 화사한 향이 느껴진다.","열대 과일의 달콤함과 부드러운 바닐라, 그리고 일본 위스키 특유의 깔끔한 스파이시함이 어우러진다.",상큼한 과일의 풍미와 은은한 우디함이 깔끔한 여운을 남긴다.,,3,1,4,2,3,세토우치의 바람을 담은 화사하고 청량한 일본 싱글몰트,1,43,ai_estimated
The Singleton 15 Year Old,"잘 익은 사과, 배, 그리고 풍부한 건포도와 구운 견과류의 부드럽고 균형 잡힌 향.","입안을 감싸는 실크 같은 질감과 함께 꿀, 버터스카치, 가벼운 오크의 단맛이 조화롭다.",견과류의 고소함과 은은한 달콤함이 부드럽고 길게 이어진다.,,4,1,3,2,3,누구나 사랑하는 부드럽고 균형 잡힌 15년산 싱글몰트,1,40,ai_estimated
Aultmore 12 Year Old,"청사과, 배, 그리고 신선한 들꽃과 풀잎을 연상시키는 깨끗하고 상쾌한 향이 특징이다.","몰티한 단맛과 함께 시트러스의 상큼함, 바닐라 크림의 부드러움이 산뜻하게 어우러진다.",깨끗하고 청량한 여운이 깔끔하게 입안을 정리해 준다.,,3,1,4,2,2,안개 낀 페더사이드의 청정함을 담은 깔끔한 싱글몰트,1,46,ai_estimated
Glenfiddich Grand Cortes,풍부한 과일 향과 함께 고급스러운 와인/포도 캐스크에서 기인한 베리류의 달콤하고 화려한 향이 감돈다.,"잘 익은 과일, 캐러멜, 그리고 은은한 타닌의 쌉싸름함이 복합적인 풍미를 만든다.",길고 우아하게 이어지는 과일과 오크의 여운.,,4,1,4,3,4,글렌피딕의 혁신이 빚어낸 화려하고 우아한 피니시,1,43,ai_estimated
Aultmore 18 Year Old,"12년산보다 한층 깊어진 꿀에 절인 과일, 바닐라 에센스, 그리고 은은한 허브와 왁시한 노트가 우아하게 다가온다.","풍부한 과일의 단맛과 크리미한 질감, 그리고 오랜 숙성에서 오는 깊은 오크의 풍미가 완벽한 조화를 이룬다.",길고 매끄럽게 이어지는 우아하고 드라이한 여운.,,3,1,4,2,4,시간이 완성한 올트모어의 우아하고 깊은 풍미,1,46,ai_estimated
Inchgower,"바닷바람을 연상시키는 짭조름한 뉘앙스(오프노트 혹은 해양성 노트)와 함께 꿀, 맥아의 고소한 향이 공존한다.","견과류의 고소함, 오렌지 껍질의 쌉싸름함과 함께 독특한 허브 및 짭짤한 풍미가 입안을 채운다.",드라이하면서도 스파이시한 여운이 독특한 개성을 남긴다.,,2,1,2,3,3,스페이사이드의 개성 있는 해양성과 몰티함의 만남,1,43,ai_estimated
Glen Moray,"싱그러운 사과, 배, 그리고 달콤한 바닐라와 가벼운 버터스카치의 향이 친근하게 다가온다.","몰트의 고소함과 시트러스의 상큼함, 가벼운 꿀의 단맛이 부담 없이 부드럽게 퍼진다.",깔끔하고 산뜻하게 떨어지는 데일리 위스키로 손색없는 여운.,,3,1,3,2,2,부드럽고 가성비 넘치는 스페이사이드의 데일리 몰트,1,40,ai_estimated
Macallan Enigma,,"풍부한 셰리 캐스크의 특성인 건포도, 대추야자의 농후한 단맛과 함께 스파이스와 우디함이 묵직하게 밀려온다.",길고 따뜻하게 이어지는 진한 셰리와 오크의 여운.,,4,2,4,4,5,맥컬란 셰리 퀘스트의 정점을 찍는 깊고 진한 수작,1,44,ai_estimated
Mars Tsunuki 2025 Edition,"쓰누키 증류소 특유의 묵직한 몰트 향과 함께 붉은 과일, 바닐라, 그리고 은은한 피스트(지방질) 혹은 토피의 향이 감돈다.","풍부한 과일의 단맛과 진한 오크 스파이스, 그리고 탄탄한 바디감이 남성적인 매력을 뽐낸다.",스파이시함과 묵직한 오크의 여운이 길고 강렬하게 남는다.,,3,2,3,4,4,규슈의 자연이 빚어낸 츠누키만의 강렬하고 묵직한 싱글몰트,1,50,ai_estimated
The Glenlivet 18 Year Old,"풍부한 오크 향과 함께 잘 익은 사과, 배, 그리고 은은한 토피의 달콤함이 조화롭게 피어납니다.","오렌지 껍질의 시트러스함과 함께 부드러운 바닐라, 견과류, 그리고 우아한 향신료의 맛이 겹겹이 느껴집니다.",참나무의 깊이감과 은은한 생강 향이 길고 우아하게 여운을 남깁니다.,,3,1,4,2,4,우아함과 깊이가 빚어낸 스페이사이드의 클래식,1,43,ai_estimated
Signatory Vintage Speyside (M) 2009 16 Year Old 100 Proof,"진한 셰리 캐스크의 영향으로 건포도, 무화과, 다크 초콜릿의 풍부하고 달콤한 향이 코를 감쌉니다.","입안을 가득 채우는 묵직한 건과일의 풍미와 함께 구운 오크, 진한 에스프레소, 그리고 향신료의 맛이 돋보입니다.",따뜻하고 스파이시한 여운이 길고 진하게 이어집니다.,,4,1,5,3,5,셰리의 진수를 보여주는 독립 병입의 매력,1,57.1,ai_estimated
Cadenhead's An Orkney 6 Year Old,"젊고 활기찬 개성과 함께 은은한 해풍, 꿀, 그리고 신선한 사과와 바닐라 향이 감돌고 있습니다.","캐스크 스트렝스의 강렬함 속에서 왁시한 텍스처와 함께 꿀의 단맛, 약간의 소금기, 페퍼리한 스파이스가 느껴집니다.",스모키함과 짭조름한 해풍의 여운이 드라이하게 마무리됩니다.,,3,2,3,4,4,오크니 섬의 거친 매력을 담은 원시적 생동감,1,57.5,ai_estimated
Highland Park 12 Year Old Viking Honour,"히스 패싯에서 오는 독특한 플로럴함과 함께 꿀의 달콤함, 그리고 은은한 피트 스모크가 조화를 이룹니다.","풍부한 맥아의 단맛에 이어 오렌지 필, 잘 익은 과일, 그리고 따뜻한 피트 연기의 맛이 복합적으로 다가옵니다.",스모키한 여운과 함께 달콤한 꿀과 스파이스가 길게 이어집니다.,,3,2,3,3,3,바이킹의 혼이 담긴 꿀과 스모크의 조화,1,40,ai_estimated
The Dalmore 17 Year Old,"다양한 셰리 캐스크에서 기인한 오렌지 마멀레이드, 초콜릿, 그리고 크리스마스 케이크의 화려한 향이 느껴집니다.","벨벳처럼 부드러운 질감과 함께 커피, 달콤한 건포도, 구운 견과류, 그리고 꿀의 풍미가 럭셔리하게 펼쳐집니다.",다크 초콜릿과 감초의 달콤 쌉싸름한 여운이 매우 길게 남습니다.,,4,1,4,2,5,달모어 특유의 화려하고 진한 럭셔리 셰리,1,43,ai_estimated
Finlaggan Cask Strength,"강렬하고 직관적인 피트 스모크와 함께 요오드, 해초, 그리고 레몬 껍질 같은 시트러스 향이 뿜어져 나옵니다.","높은 도수에서 오는 묵직한 타격감과 함께 숯불 향, 강한 후추의 스파이시함, 그리고 짭조름한 몰트의 단맛이 폭발합니다.",길고 드라이한 스모키함과 재의 느낌이 강렬하게 남습니다.,,1,5,2,4,4,아일라 피트 러버를 위한 강렬하고 저렴한 선택,1,58,ai_estimated
Glen Garioch 15 Year Old Cask Strength,"잘 익은 과일의 달콤함과 함께 꿀, 생강, 그리고 약간의 레몬 제스트와 오크 향이 묵직하게 다가옵니다.","오일리한 질감과 함께 풍부한 맥아의 단맛, 크리미한 바닐라, 그리고 톡 쏘는 스파이스가 힘차게 어우러집니다.",따뜻하고 스파이시한 여운과 함께 진한 맥아의 풍미가 길게 이어집니다.,,3,2,3,4,4,고집스러운 전통이 만든 하이랜드의 진한 맥아,1,53.7,ai_estimated
Glenfiddich 14 Year Old Bourbon Barrel Reserve,버번 배럴 숙성에서 오는 풍부한 바닐라와 코코넛 향을 바탕으로 잘 익은 사과와 서양배의 과일 향이 가득합니다.,"크리미하고 부드러운 목넘김과 함께 황설탕, 구운 오크, 그리고 달콤한 토피의 맛이 조화롭게 어우러집니다.",은은한 바닐라의 단맛과 오크의 여운이 부드럽게 마무리됩니다.,,4,1,4,2,3,아메리칸 오크가 선사하는 부드러운 바닐라의 향연,1,43,ai_estimated
Aberlour A'bunadh Batch 74,"올로로소 셰리 캐스크 폭탄다운 진한 건포도, 자두, 오렌지 껍질, 그리고 다크 초콜릿의 강렬한 향이 진동합니다.","입안을 꽉 채우는 압도적인 바디감과 함께 건과일, 진한 향신료, 구운 견과류의 풍미가 폭발적으로 다가옵니다.",셰리의 달콤함과 스파이시함이 오랫동안 뜨겁고 강렬하게 여운을 남깁니다.,,5,1,5,4,5,"셰리 폭탄의 대명사, 원액 그대로의 묵직함",1,61.1,ai_estimated
Arran 10 Year Old,신선한 사과와 배 같은 시트러스한 과일 향에 이어 은은한 꿀과 비스킷의 달콤함이 기분 좋게 다가옵니다.,"시트러스의 상큼함과 함께 바닐라, 계피의 스파이스, 그리고 몰트의 고소함이 밸런스 좋게 어우러집니다.",과일의 달콤함과 은은한 오크 향이 산뜻하게 여운을 남깁니다.,,3,1,4,3,3,섬세하고 과일 향 가득한 아란의 모범생,1,46,ai_estimated
Lagavulin 8 Year Old,"강렬하고 드라이한 피트 스모크와 함께 요오드, 해초, 그리고 상큼한 레몬과 배의 향이 복합적으로 피어납니다.","매우 스모키하면서도 달콤한 맥아의 맛이 베이스를 이루며, 짭조름함과 흑후추의 스파이스가 혀를 자극합니다.",스모키하고 드라이한 여운이 입안에 길고 강렬하게 남습니다.,,2,5,2,4,4,젊기에 더 강렬하고 거침없는 아일라의 거인,1,48,ai_estimated
Glenglassaugh Sandend,"해변가 증류소 특유의 짭조름한 해풍과 함께 트로피컬 과일, 바닐라 아이스크림, 그리고 버터 스카치 향이 느껴집니다.","열대 과일의 달콤함과 함께 바다 소금, 크리미한 토피, 그리고 가벼운 오크의 풍미가 부드럽게 감쌉니다.",열대 과일의 단맛과 은은한 솔티함이 어우러져 산뜻하게 마무리됩니다.,,4,1,4,2,3,해변의 바람과 트로피컬 과일의 만남,1,50.5,ai_estimated
Ki One Hawaii Edition,"하와이안 캐스크(또는 열대 기후 숙성)의 영향으로 파인애플, 망고 등 이국적인 열대 과일과 달콤한 바닐라 향이 폭발합니다.","입안 가득 퍼지는 풍부한 열대 과일의 단맛과 함께 크리미한 질감, 그리고 기분 좋은 향신료의 터치가 느껴집니다.",열대 과일의 풍미가 달콤하고 부드럽게 긴 여운을 남깁니다.,,4,1,5,2,3,열대의 태양이 키워낸 이국적인 K-위스키,1,50,ai_estimated
Starward Solera,"호주 레드 와인 (주정 강화 와인) 캐스크에서 오는 잘 익은 베리류, 붉은 과일, 그리고 진한 캐러멜과 바닐라 향이 감돕니다.","부드럽고 크리미한 질감 속에서 무화과, 건포도, 자두의 진한 과일 맛과 함께 오크의 터치가 조화롭게 어우러집니다.",와인 캐스크 특유의 달콤하고 풍부한 과일 향이 길게 여운을 남깁니다.,,4,1,5,2,4,호주의 태양과 와인 캐스크가 빚어낸 부드러움,1,43,ai_estimated
Glen Grant 12 Year Old,"신선한 과일향이 주를 이루며, 달콤한 사과와 서양배, 그리고 은은한 시트러스와 꿀의 향이 산뜻하게 다가옵니다.","크리미한 바닐라와 함께 사과 파이, 꿀, 그리고 가벼운 오크의 스파이스가 깨끗하고 부드럽게 펼쳐집니다.",깔끔하고 청량한 과일 향이 가볍고 산뜻하게 마무리됩니다.,,3,1,4,2,2,스페이사이드의 순수함을 담은 산뜻한 과일 향,1,43,ai_estimated
Glen Grant 18 Year Old,"은은한 플로럴 노트와 함께 풍부한 바닐라, 달콤한 꿀, 그리고 잘 익은 사과의 향이 우아하게 다가옵니다.","부드러운 크림과 함께 캐러멜, 건포도, 은은한 오크 향이 조화를 이루며 입안을 감쌉니다.",견과류의 고소함과 달콤함이 은은하게 오래도록 여운을 남깁니다.,,4,1,4,2,3,우아함과 과일의 정수를 보여주는 18년,1,43,ai_estimated
Fuji Single Malt,"후지산 밑에서 숙성된 증류소 특유의 과일 바구니를 연상시키는 화사한 배, 복숭아, 그리고 은은한 꽃향기가 감돕니다.","부드럽고 크리미한 질감 속에서 꿀, 바닐라, 그리고 붉은 과일의 풍미가 부드럽게 퍼집니다.",과일의 달콤함과 은은한 오크 스파이스가 깔끔한 여운을 선사합니다.,,4,1,5,2,3,후지산의 물결이 빚어낸 화사한 싱글몰트,1,46,ai_estimated
The Whistler P.X. I Love You,"페드로 히메네스(P.X.)셰리 캐스크 숙성에서 오는 진한 건포도, 무화과, 짙은 캐러멜과 초콜릿의 향이 강렬합니다.","꾸덕한 단맛과 함께 대추야자, 흑설탕, 오크의 풍미가 묵직하고 리치하게 다가옵니다.",달콤한 셰리의 여운이 진하고 길게 입안을 맴돕니다.,,5,1,4,2,4,셰리 러버들을 위한 진한 사랑 고백,1,46,ai_estimated
Glenfiddich 12,신선하고 상큼한 배 향을 중심으로 은은한 오크와 상쾌한 시트러스 노트가 조화롭게 어우러집니다.,"과일의 달콤함과 함께 버터스카치, 크림, 그리고 은은한 맥아의 풍미가 부드럽게 감쌉니다.",깔끔하고 부드러운 과일향의 여운이 기분 좋게 마무리됩니다.,,3,1,4,2,2,세계에서 가장 사랑받는 클래식 싱글몰트,1,40,ai_estimated
Glenfiddich 15 Solera,"솔레라 시스템 특유의 복합미로 꿀, 바닐라 퓌레, 그리고 풍성한 과일 향이 달콤하게 피어오릅니다.","셰리 캐스크의 풍미와 함께 마지팬, 계피, 진저브레드의 묵직하고 스파이시한 단맛이 조화를 이룹니다.",깊고 따뜻한 스파이시함과 달콤함이 길게 이어집니다.,,4,1,4,3,4,솔레라 시스템이 만든 깊이 있는 조화,1,40,ai_estimated
Glenfiddich 18,"구운 사과, 말린 과일, 그리고 묵직한 오크 향과 함께 우아한 토피 향이 풍부하게 느껴집니다.","풍부한 과일 케이크, 말린 무화과, 대추의 진한 단맛과 은은한 너트류의 고소함이 돋보입니다.",따뜻하고 드라이하며 우아한 오크의 여운이 길게 남습니다.,,4,1,4,2,4,참나무와 과일이 빚어낸 우아한 18년,1,40,ai_estimated
Glenfiddich 21 Gran Reserva,"럼 캐스크 피니시에서 오는 진한 토피, 무화과, 그리고 이국적인 바나나와 망고의 향이 묻어납니다.","부드럽고 크리미한 바닐라와 함께 버터, 생강의 스파이시함, 그리고 럼에 절인 과일의 풍미가 돋보입니다.",달콤하고 따뜻하며 스파이시한 여운이 오래도록 지속됩니다.,,4,1,4,3,4,카리브해 럼 캐스크의 이국적인 매력,1,43,ai_estimated
Glenfiddich 22 Gran Cortes,"오크 숙성에서 우러나오는 고급스러운 다크 초콜릿, 꿀에 절인 과일, 그리고 은은한 가죽 향이 복합적입니다.","호화롭고 벨벳 같은 질감 속에서 진한 캐러멜, 구운 과일, 그리고 풍부한 스파이스가 층층이 펼쳐집니다.",매우 길고 깊이 있는 여운이 럭셔리한 감각을 선사합니다.,,4,1,4,3,5,최상급 셰리 캐스크의 웅장한 풍미,1,44.3,ai_estimated
Glenfiddich 26 Grand Couronne,"프렌치 와인 캐스크(코냑 등)의 영향으로 구운 페이스트리, 버터, 그리고 은은한 시트러스와 플로럴 향이 감돕니다.","깊고 달콤한 바닐라, 갈색 설탕, 그리고 잘 익은 과일의 풍미가 부드럽고 우아하게 어우러집니다.",길고 달콤하며 여운이 깊은 디저트 같은 피니시.,,4,1,4,2,4,프렌치 엘레강스를 담은 26년의 예술,1,43.8,ai_estimated
Glenfiddich 30,"오랜 숙성에서 오는 묵직한 오크 향과 함께 꿀, 다크 초콜릿, 그리고 잘 익은 과일의 깊은 향이 압도적입니다.","복합적인 과일 풍미와 허니콤, 셰리의 뉘앙스가 부드럽고 완벽한 균형을 이루며 입안을 채웁니다.",매우 길고 우아하며 여운이 깊은 품격 있는 피니시.,,4,1,4,2,5,시간이 완성한 글렌피딕의 정점,1,43,ai_estimated
Balvenie Caribbean Cask 14 Year Old,"풍부한 패션푸르트, 망고 등 이국적인 열대 과일 향과 함께 달콤한 토피 향이 매력적으로 다가옵니다.","크리미한 질감 속에서 바닐라, 달콤한 캐러멜, 그리고 은은한 과일의 풍미가 입안 가득 퍼집니다.",부드럽고 달콤하며 여운이 길게 지속됩니다.,,4,1,5,2,4,카리브해 럼의 달콤한 열대야,1,43,ai_estimated
Balvenie 15,"마데이라 캐스크(또는 싱글 배럴 등 마스터리) 특유의 진한 꿀, 신선한 과일, 그리고 은은한 오크 향이 조화를 이룹니다.","풍부한 과일의 단맛과 함께 견과류, 오크 스파이스가 깊이감 있게 다가옵니다.",따뜻하고 스파이시한 여운이 길게 이어집니다.,,4,1,4,3,4,장인의 손길이 빚어낸 깊은 풍미,1,47.8,ai_estimated
Balvenie 18,"발베니 특유의 꿀 같은 달콤함 위에 오렌지 껍질, 바닐라, 그리고 묵직한 오크 향이 우아하게 얹어집니다.","풍부한 과일 케이크, 캐러멜, 그리고 알싸한 스파이스가 완벽한 조화를 이룹니다.",우아하고 복합적인 여운이 길게 감돕니다.,,4,1,4,3,4,발베니 캐스크 피니시의 정교한 예술,1,43,ai_estimated
Balvenie PX Cask 18 Year Old,"진득한 페드로 히메네스 셰리 캐스크의 영향으로 무화과, 건포도, 달콤한 대추와 흑설탕 향이 가득합니다.","벨벳처럼 부드러운 질감과 함께 진한 과일의 단맛, 오렌지 마멀레이드, 그리고 은은한 오크 스파이스가 퍼집니다.",달콤하고 깊은 셰리의 여운이 오래도록 머뭅니다.,,5,1,4,2,4,달콤한 셰리와 발베니의 완벽한 조우,1,47.8,ai_estimated
Balvenie PortWood 21 Year Old,"풍부한 과일 향과 익은 복숭아, 견과류의 고소함이 포트 와인 캐스크 특유의 꿀 같은 달콤함과 어우러집니다.","크리미한 질감 속에서 붉은 과일, 무화과, 스파이스가 조화를 이루며 우아하고 복합적인 맛을 냅니다.",견과류의 고소함과 은은한 과일의 풍미가 아주 길고 부드럽게 이어집니다.,,4,1,5,2,4,포트 와인 캐스크가 빚어낸 우아함의 정수,1,40.0,ai_estimated
Noah's Mill,"강렬한 호밀의 향과 함께 구운 피칸, 진한 캐러멜, 은은한 메이플 시럽의 아로마가 느껴집니다.","높은 도수에서 오는 묵직한 바디감과 함께 시나몬, 호두, 진한 초콜릿의 풍미가 폭발적으로 다가옵니다.",스파이시함과 오크의 여운이 길고 강렬하게 입안을 맴돕니다.,,3,1,2,5,5,강렬하고 묵직하게 다가오는 버번의 진수,1,57.15,ai_estimated
Glen Scotia 12 Year Old,"해안가 증류소 특유의 짭조름한 바다 내음과 함께 상큼한 시트러스, 꿀, 은은한 바닐라가 느껴집니다.","오렌지 껍질의 상큼함과 캔디 같은 달콤함, 그리고 약간의 왁시함과 스파이스가 밸런스를 이룹니다.",짭조름한 여운과 함께 따뜻한 스파이스가 길게 남습니다.,,3,2,4,3,3,캠벨타운의 바다와 과일이 빚어낸 밸런스,1,46.0,ai_estimated
Highland Park 12 Year Old,"은은한 피트 스모크와 함께 헤더 허니의 달콤함, 그리고 오크와 꿀에 절인 과일 향이 조화롭습니다.","풍부한 맥아의 단맛과 과일 향, 그리고 오크통에서 오는 스모시함과 스파이스가 복합적으로 어우러집니다.",달콤함과 은은한 스모크가 길고 따뜻하게 여운을 남깁니다.,,3,2,3,2,3,허니와 스모크의 완벽한 북유럽 하모니,1,40.0,ai_estimated
Miyagikyo Single Malt,"서늘한 기후에서 자란 증류소답게 사과와 배 같은 신선한 과일 향과 바닐라, 부드러운 몰트 향이 감돕니다.",부드럽고 실크 같은 질감에 셰리 캐스크의 뉘앙스가 더해진 과일의 달콤함과 은은한 허브 풍미가 느껴집니다.,과일과 은은한 초콜릿의 여운이 깔끔하게 이어집니다.,,3,1,4,2,3,과일과 꽃향기가 감도는 부드러운 일본 싱글몰트,1,45.0,ai_estimated
Speyburn Sherry Cask Finish,"말린 과일, 건포도, 진한 토피와 함께 은은한 오크 향이 달콤하게 다가옵니다.","풍부한 셰리 오크의 풍미와 함께 다크 초콜릿, 구운 견과류, 캐러멜의 달콤함이 입안을 채웁니다.",달콤한 과일과 따뜻한 스파이스의 여운이 길게 이어집니다.,,4,1,4,2,3,셰리 캐스크의 달콤함이 선사하는 데일리 힐링,1,40.0,ai_estimated
Talisker Storm,"강렬한 피트 스모크와 함께 짭조름한 바닷바람, 그리고 후추 같은 스파이스가 콧속을 자극합니다.","달콤한 맥아의 맛이 잠시 스친 뒤, 거친 바다의 풍미와 스모키함, 강렬한 후추의 스파이스가 폭발합니다.",스모키함과 해양의 짭조름함이 오래도록 강렬한 여운을 남깁니다.,,2,4,2,5,4,거친 바다의 폭풍을 담은 강렬한 스모키,1,45.8,ai_estimated
Glen Garioch 15 Year Old,"꿀, 오렌지 마말레이드, 그리고 구운 보리의 고소함이 풍부하게 피어오릅니다.","견과류의 고소함과 함께 시트러스 과일, 바닐라, 그리고 묵직한 스파이스가 겹겹이 느껴집니다.",스파이시함과 오크의 여운이 길고 드라이하게 마무리됩니다.,,3,1,3,4,4,하이랜드의 전통이 빚어낸 묵직한 몰트의 힘,1,53.7,ai_estimated
Naked Malt,"풍부한 바닐라와 함께 건포도, 잘 익은 사과 등 달콤하고 신선한 과일 아로마가 가득합니다.","크리미한 질감과 함께 카라멜, 토피, 셰리 오크의 달콤함이 직관적이고 부드럽게 다가옵니다.",달콤한 과일과 부드러운 오크의 여운이 깔끔하게 남습니다.,,4,1,4,2,3,셰리 캐스크의 순수한 달콤함을 담은 블렌디드 몰트,1,40.0,ai_estimated
Ki One,"한국 최초의 싱글몰트답게 신선한 과일 향과 달콤한 바닐라, 오크의 아로마가 조화롭게 어우러집니다.","열대 과일의 풍미와 함께 꿀, 맥아의 단맛, 그리고 기분 좋은 스파이스가 입안을 채웁니다.",달콤함과 은은한 오크의 여운이 깔끔하게 이어집니다.,,3,1,4,3,3,한국 위스키의 새로운 시작을 알리는 맛,1,46.0,ai_estimated
Glen Scotia Victoriana,"진한 캐러멜과 오크 향을 바탕으로 다크 초콜릿, 구운 과일, 은은한 스모크가 복합적으로 느껴집니다.","높은 도수에서 오는 묵직한 바디감과 함께 셰리 캐스크의 풍미, 블랙커런트, 스파이스가 강렬하게 다가옵니다.",스모키함과 다크 초콜릿의 여운이 아주 길고 깊게 남습니다.,,3,3,4,4,5,캐스크 스트렝스가 뿜어내는 캠벨타운의 진한 매력,1,54.2,ai_estimated
Omar Single Malt Bourbon Cask,"대만의 열대 기후 특유의 빠른 숙성감에서 오는 진한 바닐라, 망고와 바나나 같은 열대 과일 향이 폭발합니다.","꿀, 버터스카치, 그리고 오크의 달콤함이 진하게 퍼지며 스파이시한 터치가 뒤따릅니다.",달콤한 과일과 바닐라의 여운이 길고 따뜻하게 남습니다.,,4,1,5,3,4,대만의 태양이 키워낸 열대 과일향의 향연,1,46.0,ai_estimated
Chivas Regal 18 Year Old,"드라이한 과일 향, 버터 투피, 그리고 진한 초콜릿의 아로마가 우아하고 복합적으로 다가옵니다.","벨벳처럼 부드러운 질감과 함께 다크 초콜릿의 풍미, 은은한 플로럴 노트와 달콤한 스모크가 조화를 이룹니다.",매우 길고 따뜻하며 은은한 스모크와 과일의 여운이 감돕니다.,,4,2,4,2,4,85가지 이상의 풍미가 빚어낸 럭셔리 블렌디드,1,40.0,ai_estimated
The Glenlee,은은한 사과와 배의 과일 향에 가벼운 곡물의 아로마가 편안하게 다가옵니다.,부드러운 맥아의 단맛과 가벼운 바닐라 뉘앙스가 자극 없이 순하게 퍼집니다.,깔끔하고 가벼운 여운이 부담 없이 마무리됩니다.,,3,1,3,1,2,부드럽고 편안하게 즐기는 데일리 블렌디드,1,40.0,ai_estimated
Hibiki Blender's Choice,"와인 캐스크 숙성 원액의 영향으로 붉은 베리류와 오렌지 껍질, 그리고 은은한 향나무 향이 매혹적으로 다가옵니다.","크리미한 질감과 함께 구운 과일, 버터 캔디의 달콤함이 부드러운 산미와 조화를 이룹니다.",달콤하고 부드러운 여운이 깔끔하게 이어지며 깊은 풍미를 남깁니다.,,4,1,4,2,3,와인 캐스크의 우아함이 빚어낸 화사한 하모니,1,43,ai_estimated
Bulleit Bourbon 10 Year Old,풍부한 바닐라와 오크 향을 바탕으로 잘 익은 과일과 은은한 건조 담배 향이 감돕니다.,"고숙성에서 오는 진한 캐스크의 풍미와 함께 캐러멜, 구운 옥수수, 말린 과일의 맛이 묵직하게 다가옵니다.",길고 따뜻하게 이어지는 스파이시함과 오크의 여운이 인상적입니다.,,3,1,3,4,4,고숙성에서 오는 깊고 묵직한 버본의 진수,1,50.2,ai_estimated
Yamazaki 18 Year Old Mizunara,"미즈나라 오크 특유의 향나무와 백단향, 코끝을 자극하는 알로에 및 잘 익은 감귤류의 복합적인 향이 감돔니다.","꿀의 단맛과 은은한 향신료, 그리고 복숭아와 오렌지 마말레이드의 풍미가 고급스럽게 어우러집니다.",오랫동안 깊은 여운을 남기는 침향(Incense)과 은은한 스파이시함이 특징입니다.,,4,1,4,3,5,일본 미즈나라 오크의 정수를 담은 궁극의 걸작,1,48,ai_estimated
Kavalan Oloroso Sherry Oak,"올로로소 셰리 캐스크 유래의 진한 건포도, 견과류, 말린 무화과 향이 풍부하게 피어오릅니다.","입안을 가득 채우는 짙은 초콜릿, 커피 원두, 그리고 스파이시한 오크의 풍미가 묵직하게 전해집니다.",달콤쌉싸름한 여운이 따뜻하게 오랫동안 지속됩니다.,,4,1,5,4,5,트로피컬 셰리의 진수를 보여주는 묵직한 폭발력,1,46,ai_estimated
Edradour 12 Year Old Oloroso Sherry Butts,"전통적인 셰리 캐스크 숙성에서 오는 묵직한 건과일, 가죽, 셰리 식초의 깊고 진한 아로마가 느껴집니다.","시럽에 절인 과일, 견과류, 셰리의 진한 달콤함과 쌉싸름한 오크 터치가 묵직한 바디감을 선사합니다.",진하고 진득한 셰리의 여운이 길고 따뜻하게 남습니다.,,4,1,4,3,5,전통적 방식으로 빚어낸 진득한 셰리 밤,1,46,ai_estimated
Russell's Reserve Single Barrel,"강렬한 바닐라, 진한 캐러멜과 함께 묵직한 오크 향과 약간의 가죽 향이 코를 사로잡습니다.","풍부한 버터스카치, 구운 견과류, 그리고 흑설탕의 단맛이 강렬한 스파이스와 함께 묵직하게 밀려옵니다.",스파이시함과 오크의 여운이 입안에서 길고 대담하게 이어집니다.,,3,1,2,5,5,와일드 터키의 야성미와 깊이가 담긴 싱글 배럴,1,55,ai_estimated
Glenfarclas 105,"높은 도수임에도 불구하고 풍부한 셰리, 사과, 배, 그리고 버터 같은 달콤한 향이 부드럽게 감쌉니다.","입안을 찌릿하게 만드는 스파이스와 함께 진한 셰리, 건과일, 견과류의 맛이 강렬하게 폭발합니다.",드라이하면서도 스파이시한 여운이 길고 강렬하게 남습니다.,,4,1,4,5,5,캐스크 스트렝스가 뿜어내는 강렬한 셰리 폭탄,1,60,ai_estimated
Glendronach Ode to the Dark,"블랙체리, 다크 초콜릿, 에스프레소, 그리고 진한 가죽 향이 어우러져 이름에 걸맞은 어둡고 깊은 향을 냅니다.","당밀, 블랙베리 잼, 정향과 같은 향신료가 어우러져 극도로 리치하고 복합적인 맛을 냅니다.",다크 초콜릿의 쌉싸름함과 셰리의 풍미가 길고 우아하게 여운을 남깁니다.,,4,1,5,4,5,어둠 속에서 피어나는 극진한 셰리의 예술,1,46,ai_estimated
Scotch Blue 21 Year Old,"부드러운 바닐라 향과 은은한 과일 향, 그리고 가벼운 오크의 아로마가 편안하게 다가옵니다.","꿀, 견과류, 부드러운 곡물의 단맛이 목 넘김이 아주 편안하게 전해집니다.",깔끔하고 부드러운 여운이 은은하게 감돌며 마무리됩니다.,,3,1,2,2,3,한국인의 입맛에 맞춘 부드러운 프리미엄 스카치,1,40,ai_estimated
Aberlour 14 Year Old,"잘 익은 붉은 사과와 블랙체리, 그리고 달콤한 꿀과 크림 브륄레의 향이 조화롭습니다.","입안 가득 퍼지는 블랙커런트 잼, 캐러멜, 그리고 은은한 향신료의 풍미가 부드럽게 감쌉니다.",달콤하고 따뜻한 여운이 길고 부드럽게 이어집니다.,,4,1,4,2,4,퍼스트필 올로로소와 버번 캐스크의 완벽한 밸런스,1,40,ai_estimated
Yamazaki Distillery Exclusive,"야마자키 특유의 붉은 과일류와 은은한 미즈나라 오크의 향나무, 바닐라가 복합적으로 어우러집니다.","풍부한 과일 풍미와 함께 꿀, 은은한 스파이스, 캐스크의 깊은 맛이 균형감 있게 다가옵니다.",증류소의 개성이 담긴 깔끔하고 기분 좋은 여운이 남습니다.,,3,1,4,3,4,야마자키 증류소에서만 만날 수 있는 특별한 풍미,1,48,ai_estimated
Suntory Old,"은은한 바닐라 향과 함께 곡물의 고소함, 그리고 가벼운 과일 향이 편안하게 다가옵니다.",부드러운 단맛과 함께 약간의 오크 터치와 스파이스가 가볍고 조화롭게 느껴집니다.,깔끔하고 드라이하게 떨어지는 무난한 여운을 줍니다.,,3,1,2,2,2,일본 위스키의 역사와 전통을 담은 대중적 클래식,1,43,ai_estimated
Dewar's 18 Year Old,"꿀에 절인 과일, 버터 캔디, 그리고 은은한 꽃향기와 마지팬의 아로마가 부드럽게 퍼집니다.","풍부한 크림의 질감과 함께 구운 사과, 캐러멜, 그리고 은은한 오크의 풍미가 조화롭습니다.",고숙성 블렌디드 특유의 부드럽고 길게 이어지는 달콤한 여운이 특징입니다.,,4,1,3,2,3,더블 아이지링으로 완성된 18년의 부드러움,1,40,ai_estimated
Macallan 15 Year Old Double Cask,"말린 과일, 토피, 그리고 크리미한 바닐라와 은은한 생강 향이 부드럽게 감깁니다.","허니, 시트러스, 구운 사과, 그리고 아메리칸 및 유러피안 셰리 오크의 스파이스가 조화를 이룹니다.",오크의 따뜻함과 과일의 달콤함이 조화로운 여운을 남깁니다.,,4,1,4,3,4,두 가지 오크 캐스크가 빚어낸 균형 잡힌 럭셔리,1,43,ai_estimated
Johnnie Walker XR 21 Year Old Year of the Horse Edition,"꿀, 바닐라, 잘 익은 과일 향과 함께 은은한 스모크와 가죽 향이 우아하게 어우러집니다.","부드러운 캐러멜, 구운 견과류, 말린 과일의 풍미가 묵직하고 벨벳 같은 질감으로 다가옵니다.",깊고 따뜻한 스모크와 달콤함이 오랫동안 여운을 남깁니다.,,4,2,3,2,4,21년의 깊이와 에디션의 가치를 담은 명품 블렌드,1,40,ai_estimated
Chivas Regal 12 Year Old,"잘 익은 사과와 허브의 은은한 향이 감돌며, 꿀과 바닐라의 달콤함이 부드럽게 조화를 이룹니다.","크리미한 질감 속에서 꿀, 사과, 바닐라의 풍부한 풍미가 부드럽게 입안을 채웁니다.",달콤함과 은은한 여운이 길게 이어지는 깔끔한 마무리입니다.,,4,1,4,2,3,"부드러움의 정석, 전 세계가 사랑하는 클래식 블렌디드",1,40,ai_estimated
Johnnie Walker Blonde,"밝고 화사한 열대 과일 향과 함께 바닐라, 사과의 상큼한 아로마가 코끝을 간지럽힙니다.",달콤한 바닐라와 밀크 캐러멜의 맛이 부드럽게 퍼지며 산뜻한 과일 풍미가 어우러집니다.,깔끔하고 가벼운 달콤함이 산뜻하게 여운을 남깁니다.,,4,1,4,2,2,하이볼을 위해 탄생한 산뜻하고 달콤한 위스키,1,40,ai_estimated
Talisker 10 Year Old,"강렬한 피트 스모크와 함께 바다의 짠 향, 그리고 달콤한 과일 향이 겹겹이 피어오릅니다.","입안을 자극하는 스파이시함과 함께 훈제 생선, 흑후추, 그리고 꿀 같은 달콤함이 폭발합니다.",따뜻하고 스모키하며 짭조름한 여운이 길고 강렬하게 남습니다.,,2,4,2,5,4,거친 바다의 품안에서 태어난 스모키와 짭조름함의 진수,1,45.8,ai_estimated
Johnnie Walker Swing,"풍부한 과일 향과 함께 오크통에서 오는 부드러운 바닐라, 그리고 은은한 스모크가 감돌아 우아함을 더합니다.","벨벳처럼 부드러운 질감과 함께 셰리의 달콤함, 견과류, 그리고 묵직한 몰트의 풍미가 조화롭게 어우러집니다.",깊고 따뜻한 여운이 고급스럽게 잔향을 남깁니다.,,3,2,3,2,4,흔들리는 병 속에 담긴 부드럽고 우아한 블렌디드의 예술,1,40,ai_estimated
Ballantine's Single Malt Glenburgie 15 Year Old,"잘 익은 붉은 사과와 배의 과일 향이 가득하며, 달콤한 꿀과 크리미한 바닐라 향이 부드럽게 감쌉니다.",풍부한 과일 과즙의 달콤함과 함께 은은한 오크 향과 견과류의 고소함이 밸런스를 이룹니다.,달콤하고 부드러운 여운이 깔끔하게 이어집니다.,,4,1,4,2,3,"발렌타인의 심장, 과일 향 가득한 화사한 싱글몰트",1,40,ai_estimated
Talisker Port Ruighe,탈리스커 특유의 스모키함과 짭조름한 해풍에 포트 와인 캐스크에서 온 진한 자두와 베리류의 달콤함이 더해집니다.,"풍부한 건포도, 자두의 과일 맛과 함께 묵직한 스파이시함과 훈연의 풍미가 다채롭게 어우러집니다.",달콤한 과일 향과 스모키한 여운이 깊고 길게 남습니다.,,3,4,4,4,4,와인의 달콤함과 바다의 거침이 만난 강렬한 피니시,1,45.8,ai_estimated
Chivas Regal 15 Year Old,"오렌지 마말레이드, 꿀, 그리고 다채로운 과일의 아로마가 꼬냑 캐스크 숙성 특유의 풍부함과 함께 피어오릅니다.","시나몬과 건포도의 풍미가 입안을 감싸며, 벨벳처럼 부드럽고 달콤한 과일 맛이 도드라집니다.",바닐라의 달콤함과 함께 따뜻하고 부드러운 여운이 돕니다.,,4,1,4,2,4,꼬냑 캐스크가 선사하는 화려하고 부드러운 달콤함,1,40,ai_estimated
Balvenie 16 Year Old French Oak,잘 익은 과일 향 위에 싱그러운 허브와 은은한 꽃향기가 더해져 산뜻하고 우아한 인상을 줍니다.,"자몽, 피오니 꽃의 풍미와 함께 생강과 스파이스의 터치가 어우러져 복합적인 맛을 냅니다.",청량하고 상큼한 여운이 길고 기분 좋게 지속됩니다.,,3,1,4,3,3,프란치 오크가 빚어낸 우아하고 상큼한 몰트의 정수,1,47.6,ai_estimated
Ballantine's Master's,"꿀에 절인 사과와 오렌지 껍질의 시트러스함, 그리고 부드러운 토피와 바닐라 향이 조화롭습니다.","오렌지, 배의 과일 맛과 함께 풍부한 초콜릿, 견과류의 깊고 진한 맛이 입안을 가득 채웁니다.",부드러우면서도 복합적인 여운이 길게 이어집니다.,,4,1,3,2,4,마스터 블렌더의 정성이 빚어낸 깊고 풍부한 밸런스,1,40,ai_estimated
Singleton,"구운 견과류, 갈색 설탕, 그리고 신선한 과일의 향이 어우러져 편안하고 부드러운 느낌을 줍니다.","풍부한 과일의 단맛과 고소한 견과류, 부드러운 맥아의 풍미가 균형감 있게 다가옵니다.",깔끔하고 부드럽게 떨어지는 기분 좋은 여운입니다.,,3,1,3,2,3,누구나 편안하게 즐길 수 있는 부드러운 싱글몰트,1,40,ai_estimated
Ballantine's Single Malt Glenburgie 12 Year Old,"신선한 배와 사과 같은 과일 향이 중심을 이루며, 은은한 바닐라와 꿀의 달콤함이 감돌아옵니다.","크리미한 질감과 함께 잘 익은 과일의 풍미, 그리고 은은한 오크의 터치가 부드럽게 어우러집니다.",깔끔하고 달콤한 여운이 산뜻하게 마무리됩니다.,,4,1,4,2,3,과일 향의 상큼함과 부드러움이 돋보이는 12년산,1,40,ai_estimated
BenRiach The Original 10 Year Old,"과수원의 과일 향, 꿀, 그리고 은은한 오크의 아로마가 어우러져 달콤하고 산뜻한 향을 냅니다.","사과, 배, 복숭아 등의 과일 맛과 함께 바닐라, 맥아의 고소함, 그리고 가벼운 스파이스가 느껴집니다.",달콤하고 과일 향이 감도는 깔끔한 여운입니다.,,4,1,4,2,3,스페이사이드의 다채로운 과일 향을 담은 스탠다드,1,43,ai_estimated
Johnnie Walker 15 Year Old Sherry Finish,"셰리 캐스크 숙성 특유의 진한 건포도, 무화과 향과 함께 다크 초콜릿, 바닐라의 풍부한 아로마가 감돕니다.","풍부한 붉은 과일의 단맛과 함께 견과류, 스파이스, 그리고 부드러운 스모크가 완벽한 조화를 이룹니다.",달콤하고 진한 셰리의 여운이 깊고 길게 지속됩니다.,,4,2,4,2,4,셰리의 달콤함과 조니워커의 깊이가 만난 프리미엄,1,40,ai_estimated
Glenfarclas 15 Year Old,"풍부한 셰리 향과 함께 건포도, 오렌지 껍질, 그리고 진한 버터스카치의 달콤함이 강렬하게 다가옵니다.","입안 가득 퍼지는 진한 과일 케이크, 견과류, 시나몬의 풍미와 함께 묵직하고 복합적인 맛을 줍니다.",길고 따뜻하며 스파이시한 여운이 깊은 만족감을 줍니다.,,4,1,5,3,4,전통적인 셰리 위스키의 진수를 보여주는 명작,1,46,ai_estimated
Macallan 18 Year Old Sherry Oak,"말린 과일, 생강, 토피의 진하고 깊은 향이 셰리 오크의 풍미와 함께 조화롭게 다가옵니다.",풍부한 건포도와 무화과 맛 위에 오렌지 껍질과 은은한 향신료가 겹겹이 쌓여 묵직한 질감을 줍니다.,달콤한 과일과 따뜻한 우디 스파이스가 길고 우아하게 여운을 남깁니다.,,4,1,5,3,5,셰리 위스키의 기준이자 황홀한 정점,1,43,ai_estimated
Macallan 18 Year Old Double Cask,구운 사과와 허니콤의 달콤함에 부드러운 우디 노트가 밸런스 좋게 어우러집니다.,크리미한 바닐라와 버터스카치 풍미 뒤로 미세한 건포도와 시나몬의 터치가 부드럽게 감쌉니다.,오크의 깊이감과 함께 과일의 달콤함이 입안에 산뜻하게 오래 머뭅니다.,,4,1,4,2,4,유럽산과 아메리칸 셰리의 우아한 조화,1,43,ai_estimated
Glenfarclas 12 Year Old,"신선한 과일 향과 함께 꿀, 오크, 그리고 묵직한 셰리 노트가 가볍게 코를 간지럽힙니다.","풍부한 과일 맛과 맥아의 단맛이 느껴지며, 가벼운 스파이시함이 입안을 산뜻하게 채워줍니다.",오크의 풍미와 달콤한 셰리의 여운이 은은하고 깔끔하게 마무리됩니다.,,3,1,4,2,3,전통적인 스페이사이드 셰리의 정석,1,43,ai_estimated
Tamnavulin Sauvignon Blanc Cask Finish,"싱그러운 청사과, 구스베리, 화이트 와인 특유의 상큼하고 풀 내음 가득한 향이 매력적입니다.","레몬 껍질, 배, 백포도주의 산뜻한 산미와 함께 크리미한 바닐라 풍미가 묘한 대비를 이룹니다.",시원하고 과일 같은 상큼함이 깔끔하고 기분 좋은 여운을 선사합니다.,,3,1,5,2,2,와인 캐시의 이색적이고 상큼한 변주,1,40,ai_estimated
Tamnavulin German Pinot Noir Cask Finish,"붉은 베리류, 체리, 그리고 은은한 꽃향기가 포근하고 달콤하게 피어오릅니다.",잘 익은 딸기와 라즈베리의 과일 맛에 따뜻한 베이킹 스파이스가 더해져 풍성한 입안을 만듭니다.,레드와인 캐스크 특유의 베리류 과일 향과 부드러운 우디함이 길게 이어집니다.,,4,1,5,2,3,피노누아 캐스크가 빚어낸 붉은 과일의 낙원,1,40,ai_estimated
The Glen Grant 12 Year Old,"사과, 배를 연상시키는 과일 향과 함께 시트러스의 상큼함이 경쾌하게 다가옵니다.","꿀, 바닐라, 그리고 사과 타르트 같은 달콤함이 부드러운 텍스처와 함께 전달됩니다.",상쾌한 과일의 여운이 은은한 오크 향과 함께 깔끔하게 떨어집니다.,,3,1,4,2,3,상큼하고 순수한 스페이사이드의 본질,1,43,ai_estimated
The Glen Grant 15 Year Old,"배 넥타, 감귤류, 그리고 은은한 꿀의 향이 깊이감 있으면서도 우아하게 피어납니다.","견과류의 고소함과 함께 몰트의 풍미, 살구와 같은 핵과류의 달콤함이 조화를 이룹니다.",살짝 쌉싸름하면서도 달콤한 여운이 길고 품격 있게 지속됩니다.,,3,1,4,3,4,도수와 풍미의 완벽한 밸류를 품은 숙성,1,50,ai_estimated
The Glen Grant 18 Year Old,"풍부한 바닐라, 캐러멜, 그리고 잘 익은 오렌지 껍질과 은은한 꽃향기가 고급스럽습니다.","말린 과일, 건포도, 달콤한 맥아 맛이 벨벳처럼 부드러운 바디감과 함께 입안을 채웁니다.",스위트한 스파이스와 오크의 여운이 길고 따뜻하게 감싸 안아줍니다.,,4,1,4,2,4,시간이 완성한 우아함과 깊이의 극치,1,43,ai_estimated
Ki One Distillery,"열대 과일의 상큼함과 신선한 오크, 바닐라 향이 젊고 패기 넘치는 매력을 보여줍니다.","꿀의 단맛과 함께 생강, 후추 등의 스파이시함이 다채롭고 활기차게 펼쳐집니다.",한국의 기후 속에서 빚어진 오크 스파이스와 달콤함이 선명한 여운을 남깁니다.,,3,1,4,4,3,한국 최초 싱글몰트가 품은 새로운 가능성,1,46,ai_estimated
The Singleton of Dufftown 15 Year Old,"구운 너트, 풍부한 오렌지 마말레이드, 그리고 부드러운 우디 노트가 편안하게 다가옵니다.","버터스카치, 멜론, 익은 과일의 단맛이 크리미한 질감과 함께 부드럽게 녹아듭니다.",드라이하면서도 고소한 견과류의 여운이 깔끔하고 부드럽게 마무리됩니다.,,3,1,4,2,3,누구나 편안하게 즐기는 부드러움의 미학,1,40,ai_estimated
Arran Sauternes Cask Finish,"꿀에 절인 레몬, 백포도, 그리고 달콤한 디저트 와인의 풍미가 화사하게 피어납니다.","꿀, 백도, 그리고 꿀벌집의 진한 단맛에 상큼한 시트러스가 더해져 복합적인 맛을 냅니다.",달콤하고 화사한 과일 향이 입안을 가득 채우며 기분 좋은 여운을 선사합니다.,,5,1,5,2,4,소테른 와인 캐스크가 선사하는 달콤한 화려함,1,50,ai_estimated
Kilkerran 16 Year Old,"왁시한 질감 속에서 꿀, 바닐라, 사과, 그리고 은은한 해풍과 먼지 낀 오크의 향이 복잡하게 얽힙니다.","풍부한 과일의 단맛 뒤로 짭조름한 미네랄리티, 흙냄새, 그리고 톡 쏘는 스파이시함이 깊이를 더합니다.",스모키함과 왁시한 여운이 길고 묵직하게 입안에 남아 여운을 줍니다.,,3,2,4,3,4,캠벨타운의 전통을 잇는 장인 정신의 결정체,1,46,ai_estimated
Arran Machrie Moor Cask Strength,"강렬한 피트 스모크와 함께 파인애플, 시트러스, 바닐라의 달콤함이 묵직하게 밀려옵니다.","대담한 토탄 연기와 구운 베이컨 노트, 그리고 트로피컬 프루트의 단맛이 폭발적인 밸런스를 이룹니다.",스모키한 여운과 스파이시함이 길고 강렬하게 타오르며 마무리됩니다.,,3,4,4,4,5,아란이 빚어낸 거칠고 강렬한 피트의 서사시,1,56,ai_estimated
Glenfiddich 15 Year Old,"솔레어 시스템의 특성이 반영되어 꿀, 바닐라, 그리고 짙은 다크 초콜릿의 부드러운 향이 매력적으로 다가옵니다.","풍부한 과일 케이크, 따뜻한 향신료, 그리고 은은한 오크 터치가 조화롭게 어우러집니다.",달콤함이 길게 이어지며 기분 좋은 여운을 남깁니다.,,4,1,4,2,3,솔레어 시스템으로 빚어낸 꿀처럼 달콤한 품격,1,40,ai_estimated
Michter's US*1 Small Batch Bourbon,풍부한 바닐라와 캐러멜 향을 바탕으로 잘 익은 복숭아와 은은한 오크 향이 맴돕니다.,"입안에서 흑설탕, 계피, 구운 옥수수의 달콤 쌉싸름함이 부드럽게 감쌉니다.",바닐라와 오크의 여운이 따뜻하게 지속됩니다.,,4,1,3,3,3,소량 생산으로 완성된 클래식 아메리칸 버번의 진수,1,45.7,ai_estimated
Arran Quarter Cask,"작은 오크통 숙성에서 오는 강렬한 바닐라, 사과, 그리고 신선한 시트러스 향이 폭발합니다.","파인애플, 구운 파이, 그리고 후추 같은 스파이스가 묵직하고 강렬하게 미각을 자극합니다.",달콤함과 스파이시함이 길고 강렬하게 여운을 남깁니다.,,3,1,5,4,4,쿼터 캐스크가 선사하는 강렬하고 생동감 넘치는 과일 폭탄,1,56.2,ai_estimated
Lambay Single Malt Irish Whiskey,"꽃향기와 함께 그린 과일, 맥아의 싱그러움, 그리고 은은한 견과류의 향이 느껴집니다.","열대 과일의 달콤함과 부드러운 맥아, 그리고 꼬냑 캐스크 피니시에서 오는 미세한 오크 터치가 감돌아요.",깔끔하고 청량한 과일 향의 여운이 가볍게 퍼집니다.,,3,1,4,2,2,아일랜드의 청량함과 꼬냑 캐스크의 우아한 만남,1,40,ai_estimated
Benriach 12 Year Old,"메이플 시럽, 코코아, 그리고 풍성한 오렌지 껍질과 잘 익은 과일 향이 복합적으로 어우러집니다.","구운 포도, 과일 과즙, 그리고 생강과 설탕에 절인 자두의 맛이 층층이 펼쳐집니다.",모카와 스파이스의 조화로운 여운이 길게 이어집니다.,,4,1,4,2,3,풍부한 과일과 달콤한 오크의 다채로운 하모니,1,46,ai_estimated
Ki One Tiger Edition PX Sherry Cask,"진한 페드로 히메네스(PX) 셰리통에서 기인한 건포도, 무화과, 흑당의 깊고 진한 달콤함이 코를 감쌉니다.","다크 초콜릿, 견과류, 풍부한 건과일의 풍미가 묵직한 바디감과 함께 밀려옵니다.",달콤한 셰리의 여운과 함께 따뜻한 스파이스가 길게 남습니다.,,5,1,4,3,4,한국 위스키의 진화를 보여주는 진한 PX 셰리의 향연,1,50,ai_estimated
Balvenie Madeira Cask 15 Year Old,"마데이라 와인 캐스크 특유의 상큼한 시트러스와 함께 신선한 포도, 열대 과일 향이 피어납니다.","꿀을 바른 듯한 달콤함에 복숭아, 생강, 그리고 오크의 터치가 부드럽게 조화를 이룹니다.",입안을 감싸는 과일의 달콤함과 은은한 스파이스의 여운.,,4,1,5,2,3,마데이라 와인의 생동감을 입은 발베니의 우아함,1,43,ai_estimated
Benromach 10 Year Old,"셔벗 같은 과일 향 뒤로 부드러운 토피, 바닐라, 그리고 은은하게 배어나는 피트 스모크가 느껴집니다.","라즈베리, 블랙체리, 크리미한 맥아와 함께 숲속의 스모키함이 밸런스 좋게 다가옵니다.",과일의 달콤함과 은은한 스모크가 어우러진 여운.,,3,2,3,2,3,전통 방식을 고수하는 스모키와 과일의 완벽한 밸런스,1,43,ai_estimated
Benromach 15 Year Old,"풍부한 셰리 노트와 함께 꿀, 사과, 오렌지 껍질, 그리고 벤로막 특유의 깊은 스모크가 감돕니다.","다크 초콜릿, 구운 사과, 생강 향신료가 부드러운 텍스처와 함께 입안을 채웁니다.",오크와 스모키함이 깃든 길고 따뜻한 여운.,,3,2,4,2,4,세월이 더해져 더욱 깊어진 클래식 셰리와 스모크,1,43,ai_estimated
Benromach 12 Year Old,"잘 익은 과일의 달콤함과 은은한 토피, 그리고 백후추와 같은 가벼운 스파이스와 스모크가 공존합니다.","시트러스 과일, 크리미한 바닐라, 부드러운 맥아와 함께 벤로막의 매력적인 피트감이 녹아듭니다.",달콤함과 은은한 스모크가 조화롭게 마무리됩니다.,,3,2,3,3,3,다채로운 풍미가 돋보이는 벤로막의 매력적인 미디엄 에이지,1,43,ai_estimated
Benromach 21 Year Old,"세월을 머금은 묵직한 오크 향과 함께 진한 과일잼, 가죽, 부드러운 스모크가 우아하게 피어납니다.","잘 익은 자두, 정향, 바닐라 커스터드, 그리고 은은한 꿀의 풍미가 깊이 있게 다가옵니다.",스모키함과 달콤함이 어우러진 길고 여운 있는 피니시.,,4,2,4,2,4,21년의 세월이 빚어낸 우아하고 깊이 있는 복합미,1,43,ai_estimated
Aberlour 12 Year Old Double Cask Matured,"부드러운 사과와 함께 풍부한 꿀, 그리고 셰리 캐스크에서 오는 건포도 향이 매력적입니다.","크리미한 초콜릿, 캐러멜, 그리고 스파이시한 오크가 달콤함과 조화를 이룹니다.",따뜻하고 달콤한 과일 향의 여운이 길게 남습니다.,,4,1,4,2,3,더블 캐스크가 선사하는 달콤하고 크리미한 셰리의 정석,1,40,ai_estimated
Glenfarclas 10 Year Old Cask Strength,"고도수에서 오는 강렬함과 함께 짙은 셰리, 건과일, 꿀, 그리고 오크의 향이 뿜어져 나옵니다.","풍부한 과일 케이크, 견과류, 시나몬의 진한 풍미가 묵직하고 폭발적으로 다가옵니다.",셰리의 달콤함과 스파이시함이 길게 타오르는 듯한 여운.,,4,1,4,4,5,글렌파클라스의 전통을 원액 그대로 담은 캐스크 스트렝스,1,58.7,ai_estimated
Nikka Yoichi Single Malt,"요이치 특유의 은은한 피트 스모크와 함께 훈연된 과일, 바닐라, 바닷가의 짭조름한 향이 감돕니다.","피트의 터치와 함께 오크, 견과류, 그리고 묵직한 몰트의 풍미가 복합적으로 어우러집니다.","스모키함과 미네랄리티, 은은한 단맛의 여운.",,2,3,3,3,4,스태프의 거친 바다 기운을 품은 묵직한 피티드 싱글몰트,1,45,ai_estimated
Suntory Yamazaki Single Malt Non Vintage,"붉은 과일(딸기, 체리)의 향과 함께 미즈나라(일본 참나무) 캐스크 특유의 백단향, 코코넛 향이 느껴집니다.","라즈베리, 복숭아의 상큼함과 바닐라의 부드러움이 산뜻한 스파이스와 조화를 이룹니다.",미즈나라 오크의 은은한 스파이스와 과일 향의 여운.,,3,1,4,2,3,"일본 위스키의 정수, 미즈나라 오크의 섬세한 향기",1,43,ai_estimated
Ki One Single Malt,달콤한 바닐라와 캐러멜 향을 바탕으로 한국의 기후에서 오는 독특한 열대 과일과 오크 향이 감돌니다.,"구운 보리의 고소함과 함께 꿀, 시나몬, 그리고 쌉싸름한 오크의 풍미가 부드럽게 어우러집니다.",적당한 온기와 함께 은은한 스파이시함과 달콤함이 여운을 남깁니다.,,4,1,4,3,3,한국 최초의 싱글 몰트가 선사하는 새로운 열정과 개성,1,46.0,ai_estimated
Glen Scotia Victoriana Cask Strength,"묵직한 오크 향과 함께 진한 바닐라, 구운 설탕, 그리고 은은한 훈연 향과 갯바람의 뉘앙스가 느껴집니다.","강렬한 도수에서 오는 묵직한 바디감과 함께 다크 초콜릿, 블랙커런트, 풍부한 스파이스가 혀를 감쌉니다.",드라이하면서도 길고 스파이시한 여운이 깊은 인상을 남깁니다.,,3,2,3,5,5,캠벨타운의 전통을 담은 강렬하고 묵직한 캐스크 스트렝스,1,54.2,ai_estimated
Richard Hennessy,"풍부한 향신료의 아로마와 함께 가죽, 담배, 그리고 릴랙스한 오크와 꿀의 향이 압도적으로 다가옵니다.","절제된 우아함 속에서 꿀, 붉은 과일, 정향과 같은 복합적인 풍미가 벨벳처럼 부드럽게 퍼집니다.",끝없이 이어지는 듯한 복합적이고 극도로 긴 여운이 여운을 줍니다.,,4,1,4,4,5,코낙의 정수가 빚어낸 궁극의 예술품,1,40.0,ai_estimated
Hibiki 21 Year Old,"잘 익은 사과, 멜론, 감귤류의 과일 향에 감미로운 벌꿀과 일본 오크(미즈나라)의 향이 우아하게 어우러집니다.","입안을 채우는 샌달우드와 허니컴의 달콤함, 그리고 은은한 과일의 풍미가 완벽한 조화를 이룹니다.",미즈나라 오크의 깊고 향긋한 풍미가 길고 우아하게 이어집니다.,,4,1,5,2,4,"일본 하모니의 정점, 깊고 우아한 오케스트라",1,43.0,ai_estimated
Hibiki 30 Year Old,"농축된 잘 익은 과일, 백단향, 그리고 오랜 세월 숙성된 오크의 깊고 고풍스러운 아로마가 피어오릅니다.","꿀, 화이트 초콜릿, 말린 과일의 풍미가 혀끝에서 부드럽게 녹아들며 놀라운 복합성을 보여줍니다.",끝없이 길게 이어지는 깊은 여운과 향긋한 오크의 향이 숭고함을 자아냅니다.,,4,1,5,2,5,시간이 빚어낸 럭셔리 블렌디드의 최고봉,1,43.0,ai_estimated
Scotch Blue 17 Year Old,부드러운 캐러멜과 바닐라 향에 은은한 과일 향이 더해져 편안하고 친숙한 아로마를 선사합니다.,부드러운 질감과 함께 은은한 단맛과 고소한 몰트의 풍미가 마시기 편하게 다가옵니다.,깔끔하고 부드럽게 마무리되며 자극적이지 않은 여운을 남깁니다.,,3,1,2,2,3,한국인의 입맛에 맞춘 부드러운 스카치 위스키,1,40.0,ai_estimated
Hennessy VSOP,바닐라와 정향의 스파이시함이 어우러진 신선한 과일 아로마가 균형감 있게 다가옵니다.,"부드러운 목 넘김과 함께 감미로운 꿀, 설탕에 절인 과일, 약간의 오크 풍미가 조화롭게 느껴집니다.",과일과 은은한 스파이스의 여운이 깔끔하게 마무리됩니다.,,3,1,4,3,3,전 세계가 사랑하는 균형 잡힌 꼬바시의 기준,1,40.0,ai_estimated
Hakushu 18 Year Old,"신선한 허브, 숲속의 풀잎, 청사과, 그리고 은은한 피트 스모크가 상쾌하게 코를 감쌉니다.","배, 민트, 자몽의 청량함과 함께 달콤한 바닐라와 은은한 스모키함이 복합적으로 춤을 춥니다.",상쾌함과 그윽한 스모크가 어우러져 길고 깨끗한 여운을 남깁니다.,,3,2,4,2,4,숲속 증류소의 청량함과 깊이가 담긴 싱글 몰트,3,43.0,ai_estimated
Hibiki 12 Year Old,"매화, 오렌지 껍질, 그리고 달콤한 허니의 향이 화사하고 가볍게 다가옵니다.","커스터드 크림, 사과, 그리고 살짝 매콤한 진저의 풍미가 부드럽게 조화를 이룹니다.",달콤하면서도 산뜻한 과일 향이 깔끔한 여운을 선사합니다.,,4,1,4,2,3,조화와 균형의 미학을 담은 프리미엄 블렌디드,1,43.0,ai_estimated
Balvenie Tasting Class,"발베니 특유의 풍부한 꿀 향과 함께 바닐라, 오렌지 껍질, 그리고 은은한 견과류 아로마가 느껴집니다.","입안을 감싸는 크리미한 바닐라와 달콤한 오렌지, 그리고 따뜻한 스파이스의 풍미가 매력적입니다.",달콤하고 부드러운 여운이 길게 이어집니다.,,4,1,3,2,3,발베니의 클래식한 매력을 배우는 달콤한 시간,1,40.0,ai_estimated
Macallan 18 Year Old,"말린 과일, 생강, 토피의 진한 향과 함께 고급스러운 셰리 오크의 아로마가 풍부하게 피어오릅니다.","건포도, 무화과 등 진한 셰리 노트와 함께 바닐라, 오렌지, 그리고 부드러운 향신료의 풍미가 꽉 찬 바디감을 줍니다.",오랜 숙성에서 오는 깊고 따뜻한 스파이스와 말린 과일의 여운이 깁니다.,,4,1,5,3,5,셰리 오크 위스키의 영원한 기준과 명작,1,43.0,ai_estimated
Signatory 2009 Speyside 16 Year Old,"잘 익은 사과와 배 같은 과일 향을 중심으로 바닐라 크림, 구운 오크의 향이 향긋하게 다가옵니다.","시럽에 절인 과일, 몰트의 고소함, 그리고 부드러운 바닐라와 은은한 허브의 풍미가 조화롭습니다.",과일의 달콤함과 은은한 오크의 쌉싸름함이 깔끔한 여운을 남깁니다.,,3,1,4,2,3,독립 병입자의 손길로 재해석된 스페이사이드의 진수,1,46.0,ai_estimated
Tamnavulin Sherry Cask Finish,"풍부한 바닐라와 캐러멜 향 위에 얹어진 진한 건포도, 오렌지 껍질, 그리고 베리의 달콤한 아로마가 감돌니다.","초콜릿, 생강 케이크, 그리고 셰리 오크 특유의 말린 과일 풍미가 달콤하고 부드럽게 퍼집니다.",따뜻하고 달콤한 여운이 기분 좋게 마무리됩니다.,,4,1,4,2,3,셰리 피니시의 매력을 가성비 있게 즐기는 즐거움,1,40.0,ai_estimated
Glenfiddich 18 Year Old,"구운 사과, 배, 그리고 풍부한 오크 향과 함께 은은한 토피와 시나몬의 아로마가 어우러집니다.","드라이한 오크 향 속에서 피어나는 달콤한 말린 과일, 사과 캔디, 그리고 부드러운 스파이스가 돋보입니다.",우아하고 따뜻한 여운이 길고 깊게 이어집니다.,,3,1,4,2,4,18년의 세월이 빚어낸 우아하고 풍부한 과일의 향연,1,40.0,ai_estimated
Ilpum Jinro Oak 43,오크통 숙성에서 오는 부드러운 바닐라와 은은한 우디 향이 증류식 소주의 깔끔함과 조화를 이룹니다.,"입안에서 묵직하면서도 부드럽게 퍼지며, 은은한 단맛과 곡물의 고소함, 오크의 풍미가 느껴집니다.",깔끔하고 단정한 여운이 깊은 여운을 남깁니다.,,3,1,2,2,4,오크 숙성으로 품격을 더한 프리미엄 증류식 소주,1,43.0,ai_estimated
Suntory Whisky,은은한 사과와 감귤류의 시트러스 향에 가벼운 꿀과 바닐라 뉘앙스가 어우러집니다.,"부드럽고 깔끔한 곡물 풍미와 함께 사과, 배 계열의 과일 맛이 가볍게 감돌며 마시기 편합니다.",깔끔하고 드라이하게 떨어지며 은은한 오크의 여운을 남깁니다.,,2,1,3,2,2,누구나 편하게 즐기는 일본 블렌디드의 기준,1,40,ai_estimated
Blanton's Master Class Single Barrel,풍부한 바닐라와 캐러멜 향을 바탕으로 구운 오크와 은은한 계피 향이 감돌아옵니다.,입안을 채우는 진한 캐러멜과 꿀의 단맛 뒤로 옥수수 매쉬의 고소함과 균형 잡힌 스파이스가 느껴집니다.,따뜻하고 스파이시한 여운이 길고 깊게 지속됩니다.,,4,1,3,3,4,마스터 클래스의 품격이 담긴 싱글 배럴 버번,1,51.5,ai_estimated
Blanton's Gold,"꿀, 바닐라, 진한 오크 향과 함께 다크 초콜릿과 말린 과일의 복합적인 아로마가 느껴집니다.","크리미한 질감과 함께 진한 캐러멜, 토피, 그리고 풍성한 오렌지 껍질의 풍미가 훌륭한 조화를 이룹니다.",달콤함과 스파이스가 완벽한 균형을 이루며 길고 깊은 여운을 선사합니다.,,4,1,3,3,4,황금빛 밸런스를 자랑하는 프리미엄 버번,1,51.5,ai_estimated
Blanton's Straight From The Barrel,"농축된 캐러멜, 바닐라, 호두의 고소함과 함께 강렬한 오크와 흑설탕의 아로마가 폭발합니다.","입안 가득 퍼지는 진한 버터스카치, 초콜릿, 그리고 묵직한 스파이스가 폭발적인 풍미를 선사합니다.","매우 길고 강렬하며, 달콤한 여운과 스파이시함이 오랫동안 혀를 감쌉니다.",,4,1,3,5,5,"타협하지 않은 강렬함, 배럴 프루프의 진수",1,65,ai_estimated
Daftmill 2011 Winter Batch,"청사과, 잘 익은 배의 신선함과 함께 은은한 풀내음과 크리미한 바닐라 아로마가 돋보입니다.","부드럽고 섬세한 곡물 맛과 함께 꿀, 시트러스, 그리고 마시멜로 같은 달콤함이 우아하게 펼쳐집니다.",깔끔하면서도 은은한 과일과 맥아의 여운이 길게 이어집니다.,,3,1,4,2,3,로랜드 농장 맥아의 순수하고 섬세한 예술,1,46,ai_estimated
Glenrothes 15 Year Old,"풍부한 말린 과일, 바닐라, 그리고 셰리 통에서 기인한 달콤한 건포도 향이 감돈다.","바닐라와 오렌지 껍질, 그리고 견과류의 고소함이 크리미한 질감과 함께 부드럽게 감쌉니다.",부드러운 과일의 단맛과 은은한 향신료의 여운이 포근하게 남습니다.,,4,1,4,2,3,셰리와 과일향이 빚어낸 우아한 스페이사이드,1,43,ai_estimated
Suntory Sui Gin,"유자, 녹차, 생강 등 일본 전통 보타니컬의 향이 상큼하고 청량하게 다가옵니다.",입안에서 터지는 유자의 시트러스함과 생강의 알싸함이 전통 진의 허브 향과 조화를 이룹니다.,녹차 특유의 깔끔함과 산뜻한 여운이 가볍게 마무리됩니다.,,1,1,3,3,2,일식과 완벽한 조화를 이루는 일본식 진,1,40,ai_estimated
Chivas Regal 13 Year Old Mizunara,달콤한 배와 오렌지 제스트의 과일 향에 미즈나라 오크 특유의 향신료와 은은한 코코넛 향이 감돕니다.,부드러운 과일 잼의 단맛과 함께 미즈나라 오크에서 오는 독특한 이국적 스파이스가 조화를 이룹니다.,은은한 향신료와 달콤한 바닐라의 여운이 기분 좋게 맴돕니다.,,3,1,3,3,3,미즈나라 오크가 더한 매혹적인 스파이스,1,40,ai_estimated
Chivas Regal 18 Year Old Mizunara,"다크 초콜릿, 말린 과일의 깊은 향에 미즈나라 오크의 복합적인 향신료와 백단향 아로마가 어우러집니다.","벨벳처럼 부드러운 질감과 함께 버터스카치, 구운 견과류, 다채로운 과일의 풍미가 풍성하게 채워집니다.","매우 길고 깊으며, 스파이시함과 달콤함이 완벽한 밸런스를 이룹니다.",,3,1,4,3,4,18년의 깊이와 미즈나라의 우아한 만남,1,43,ai_estimated
Balvenie TUN 1509 Batch 6,"꿀, 바닐라, 잘 익은 과일의 풍성한 향에 은은한 오크와 가죽, 토피 향이 복합적으로 피어오릅니다.","꿀을 바른 과일 타르트, 오렌지 껍질, 시나몬의 풍미가 층층이 쌓여 극상의 부드러움을 선사합니다.",끝없이 이어지는 달콤하고 우아한 여운이 깊은 감동을 줍니다.,,4,1,4,2,4,발베니 몰트 마스터의 역작이 만든 복합미,1,50.4,ai_estimated
Springbank 10 Year Old,"약간의 짭조름한 해풍, 과일(배, 사과), 그리고 은은한  peat(피트) 연기가 복합적으로 다가옵니다.","오일 같은 묵직한 질감에 바닐라, 맥아의 단맛, 꿀, 그리고 특유의 짠맛과 스파이스가 훌륭한 조화를 이룹니다.",짭조름함과 피트의 여운이 길고 여운 깊게 남습니다.,,2,2,3,3,4,"캠벨타운의 젖줄, 독보적인 왁시함과 짠맛",1,46,ai_estimated
Springbank 18 Year Old,"풍부한 열대 과일, 셰리 통의 뉘앙스, 왁시한 질감과 함께 은은한 가죽과 스모크 향이 감돌아옵니다.","마지팬, 오렌지 마말레이드, 다크 초콜릿의 풍미와 함께 짭조름한 바다 내음과 복합적인 스파이스가 폭발합니다.","극도로 길고 우아하며, 셰리의 단맛과 피트의 여운이 완벽한 균형을 이룹니다.",,3,2,4,3,5,시간이 완성한 캠벨타운의 진정한 걸작,1,46,ai_estimated
The Talisman,"가벼운 시트러스와 은은한 곡물 향, 그리고 아주 미세한 피트의 터치가 어우러집니다.",부드럽고 가벼운 곡물 단맛과 함께 마시기 편안한 데일리 블렌디드의 맛을 보여줍니다.,깔끔하고 드라이하게 떨어지며 가벼운 여운을 남깁니다.,,2,1,2,2,2,부담 없이 즐기는 클래식 블렌디드,1,40,ai_estimated
Penelope Four Grain,"네 가지 곡물(옥수수, 밀, 호밀, 보리)에서 오는 풍부한 바닐라, 구운 오크, 그리고 달콤한 캐러멜 향.","크리미한 질감과 함께 메이플 시럽, 흑설탕의 단맛이 퍼지며 호밀의 스파이스가 균형을 잡아줍니다.",달콤함과 따뜻한 스파이시함이 조화롭게 어우러지는 부드러운 여운.,,4,1,2,3,4,네 가지 곡물의 완벽한 하모니,1,48,ai_estimated
Macallan 30 Year Old Sherry Oak,풍부한 오렌지 껍질과 말린 과일 향에 묵직한 오크향과 바닐라가 감돈다.,"입안을 채우는 꿀의 단맛과 진한 체리, 무화과, 그리고 깊은 향신료의 조화.",오랜 세월이 느껴지는 우드향과 말린 과일의 여운이 길고 우아하게 이어진다.,,4,1,5,3,5,셰리 위스키의 정수가 빚어낸 30년의 예술,1,43,ai_estimated
Speyburn Bourbon Cask,"신선한 청사과와 시트러스 계열의 상큼함, 그리고 부드러운 바닐라 향이 느껴진다.","벌꿀의 달콤함과 크리미한 바닐라, 은은한 코코넛과 과일의 풍미가 가볍게 어우러진다.",깔끔하고 상쾌한 과일향이 은은하게 입안을 감돌며 마무리된다.,,3,1,4,2,2,버번 캐스에서 피어난 산뜻하고 부드러운 스페이사이드,1,40,ai_estimated
Talisker Distillers Edition,탈리스커 특유의 강렬한 스모크와 해풍의 짭조름함에 아모로소 셰리의 달콤한 건포도 향이 얹힌다.,"진한 맥아의 풍미와 후추 같은 스파이시함, 그리고 셰리 캐스트 유래의 진한 과일 단맛이 폭발한다.",스모키한 피트와 달콤한 과일의 여운이 길고 강렬하게 남는다.,,3,4,3,4,4,바다의 거친 숨결과 셰리의 달콤한 만남,1,45.8,ai_estimated
Ballantine's 23 Year Old,잘 익은 사과와 서양배의 과일향이 달콤한 바닐라 및 토피와 부드럽게 조화를 이룬다.,"크리미한 질감과 함께 꿀, 생강, 오크의 풍미가 복합적이고 우아하게 퍼진다.",길고 부드럽게 이어지는 달콤한 여운이 깊은 인상을 남긴다.,,4,1,4,2,3,23년의 숙성이 선사하는 완벽한 밸런스,1,40,ai_estimated
Ballantine's 17 Year Old,"꿀처럼 달콤한 향과 오크, 그리고 은은한 스모크의 힌트가 균형을 이룬다.","크리미하고 부드러우며, 바닐라와 오크, 감미로운 과일의 풍미가 입안을 채운다.",스파이시한 여운과 함께 깔끔하고 드라이하게 마무리된다.,,3,2,3,2,3,블렌디드 위스키의 교과서 같은 클래식,1,43,ai_estimated
Ballantine's 21 Year Old,"헤더꿀의 달콤함과 잘 익은 사과, 그리고 은은한 향신료의 향이 고급스럽게 다가온다.","감미로운 감초와 토피, 부드러운 오크의 풍미가 겹겹이 느껴진다.",길고 따뜻한 여운이 부드럽게 감싸 안는다.,,4,1,3,2,4,깊이와 부드러움이 공존하는 프리미엄 블렌디드,1,40,ai_estimated
Ballantine's 30 Year Old,"풍부한 과일향과 셰리, 바닐라가 완숙된 오크 향과 함께 압도적인 깊이감을 뽐낸다.","꿀, 바닐라, 플로럴한 노트가 완벽한 조화를 이루며 벨벳처럼 부드럽게 감긴다.",끝없이 이어질 듯 길고 우아한 여운이 특징이다.,,4,1,4,2,4,시간이 완성한 궁극의 부드러움,1,40,ai_estimated
John Barr Reserve,몰트와 곡물의 은은한 향에 약간의 캐러멜과 바닐라 뉘앙스가 가볍게 스친다.,"부드러운 단맛과 함께 약간의 곡물 느낌, 가벼운 스파이시함이 조화를 이룬다.",깔끔하고 무난하게 떨어지는 데일리 위스키다운 여운.,,3,1,2,2,2,부담 없이 즐기는 클래식 블렌디드,1,40,ai_estimated
Jura 18 Year Old,"토피, 바닐라의 달콤함에 열대 과일과 은은한 시나몬 향이 깃들어 있다.","풍부한 초콜릿, 커피의 쌉싸름함과 함께 붉은 과일의 풍미가 묵직하게 다가온다.",따뜻하고 스파이시한 오크의 여운이 길게 남는다.,,3,2,3,3,4,섬세한 아일랜드의 풍미를 담은 18년,1,44,ai_estimated
Kavalan Solist Fino Sherry Single Cask Strength,"피노 셰리 캐스크 특유의 청량한 견과류 향과 말린 과일, 그리고 짙은 바닐라 향.","강렬한 캐스크 스트렝스의 도수 속에서 터져 나오는 시트러스, 아몬드, 그리고 풍부한 단맛.",입안에 오래도록 남는 진하고 드라이한 여운.,,4,1,4,4,5,대만 열대 기후가 빚어낸 강렬한 피노 셰리의 진수,1,57,ai_estimated
Kavalan Solist Vinho Barrique Single Cask Strength,"농축된 포도 주스, 멜론, 망고 등 열대 과일의 폭발적인 향과 달콤한 바닐라.","버터시럽, 캐러멜, 그리고 묵직한 베리류의 과일 맛이 진하게 응축되어 밀려온다.",과일의 단맛과 복합적인 오크 스파이스가 길고 화려하게 여운을 남긴다.,,5,1,5,3,5,와인 바리끄가 선사하는 과일 폭탄의 향연,1,55.6,ai_estimated
Kavalan Solist Oloroso Sherry Single Cask Strength,"말린 과일, 견과류, 초콜릿 향이 짙게 배어 있으며 풍부한 스파이스가 감돈다.","입안을 가득 채우는 건포도, 무화과, 견과류의 진한 풍미와 묵직한 바디감.",오크와 말린 과일의 여운이 길고 따뜻하게 지속된다.,,4,1,5,4,5,올로로소 셰리의 깊고 진한 매력을 극대화하다,1,57.8,ai_estimated
Kavalan Solist Port Cask Single Cask Strength,"베리류의 과일 향과 자두, 초콜릿, 그리고 은은한 플로럴 노트가 복합적으로 피어난다.","달콤한 포도 잼과 다크 초콜릿, 캐러멜의 풍미가 강렬한 도수와 함께 조화를 이룬다.",달콤하면서도 스파이시한 여운이 길고 진하게 남는다.,,5,1,5,4,5,포트 캐스크가 빚어낸 진한 베리와 초콜릿의 하모니,1,58.6,ai_estimated
Kavalan Triple Sherry Cask,"올로로소, PX, 모스카토 세 가지 셰리 캐스크의 영향으로 풍부한 말린 과일, 포도, 달콤한 캐러멜 향이 감돈다.","버터스코치, 초콜릿, 베리류의 달콤함이 부드럽고 크리미한 질감과 함께 입안을 가득 채운다.",달콤한 과일과 은은한 향신료의 여운이 길고 조화롭게 이어진다.,,4,1,5,2,4,세 가지 셰리의 풍성한 조화,1,40,ai_estimated
Kavalan Solist Madeira Wine Cask Single Cask Strength,"마데디라 와인 캐스크 특유의 꿀, 설탕에 절인 오렌지, 견과류, 열대 과일의 진한 향이 폭발한다.","농축된 포도즙, 밀크 초콜릿, 꿀에 절인 과일의 극도로 달콤하고 풍성한 맛이 느껴진다.",달콤함과 은은한 허브 뉘앙스가 길고 따뜻하게 남는다.,,5,1,5,3,5,달콤하고 화사한 마데디라의 진수,1,57.1,ai_estimated
Kavalan Solist ex-Bourbon Cask Single Cask Strength,"바닐라, 코코넛, 열대 과일(망고, 파인애플)의 화사하고 순수한 향이 돋보인다.","크리미한 바닐라와 버터밀크, 열대 과일의 풍미가 캐스크 스트렝스 특유의 강렬함과 함께 다가온다.",깔끔한 오크 터치와 바닐라의 달콤한 여운이 길게 이어진다.,,4,1,5,3,4,카발란 본연의 열대 과일 폭탄,1,58.6,ai_estimated
Kavalan Podium,"싱그러운 꽃향기와 함께 꿀, 바닐라, 망고 등 다채로운 열대 과일 향이 어우러진다.","부드럽고 실키한 질감 속에서 바닐라 크림, 꿀, 은은한 오크의 단맛이 균형 있게 조화를 이룬다.",깔끔하고 청량한 과일 향의 여운이 기분 좋게 남는다.,,4,1,4,2,3,우아함과 부드러움의 극치,1,46,ai_estimated
Kavalan Solist Palo Cortado Sherry Single Cask Strength,"희귀한 팔로 코르타도 셰리 캐스크에서 온 진한 견과류, 말린 무화과, 토피 향이 복합적으로 피어오른다.","다크 초콜릿, 스파이스, 묵직한 건과일의 풍미가 폭발적이며 깊이 있는 단맛을 선사한다.","오크와 스파이스, 견과류의 쌉싸름하면서도 달콤한 여운이 길게 남는다.",,4,1,4,4,5,희귀한 셰리의 깊고 진한 복합미,1,57.8,ai_estimated
Kavalan Solist Virgin American Oak Single Cask Strength,"새 오크통에서 오는 강렬한 바닐라, 코코넛, 버터스코치, 그리고 스파이시한 향이 가득하다.","꿀, 바닐라, 시나몬의 풍미가 진하게 밀려오며 입안을 꽉 채우는 묵직함을 보여준다.",스파이시함과 오크의 달콤한 여운이 오래도록 지속된다.,,4,1,3,5,5,새 오크통이 선사하는 강렬함,1,58.6,ai_estimated
Kavalan Concertmaster Port Cask Finish,"포트 와인 캐스크 피니시 특유의 붉은 베리류, 딸기 잼, 달콤한 포도 향이 감돈다.","부드러운 과일 과즙, 캐러멜, 그리고 은은한 초콜릿의 풍미가 조화롭게 어우러진다.",달콤한 베리류의 여운이 따뜻하게 입안을 감싼다.,,4,1,5,2,3,포트 와인이 빚어낸 베리의 달콤함,1,40,ai_estimated
Macallan Harmony Collection,"초콜릿, 오렌지 제스트, 구운 견과류와 함께 풍부한 디저트 같은 향이 느껴진다.","진한 다크 초콜릿, 허니, 오크의 풍미가 크리미한 질감과 함께 입안을 가득 채운다.",달콤하고 진한 초콜릿의 여운이 길고 우아하게 남는다.,,4,1,3,2,4,자연과 지속가능성을 담은 초콜릿 노트,1,44,ai_estimated
Macallan 12 Year Old Double Cask,"크리미한 버터스카치, 토피 애플, 오렌지 캔디와 은은한 바닐라 향이 조화롭다.","꿀, 잰다이아몬드 오크, 시나몬, 그리고 감귤류의 과일 맛이 부드럽게 퍼진다.",오크의 스파이스와 달콤한 과일 향이 따뜻하게 마무리된다.,,4,1,4,3,3,아메리칸과 유러피안 셰리의 완벽한 균형,1,40,ai_estimated
Macallan 12 Year Old Sherry Oak,"말린 과일, 오렌지, 생강, 그리고 풍부한 셰리 오크 향이 묵직하게 다가온다.","과일 케이크, 향신료, 우드 스모크, 그리고 진한 오크의 풍미가 복합적으로 어우러진다.","말린 과일과 달콤한 오렌지, 스파이스의 여운이 길게 이어진다.",,4,1,4,3,4,정통 셰리 오크의 깊고 진한 클래식,1,43,ai_estimated
Glenfiddich 14 Year Old Bourbon Barrel,"풍부한 오크 향과 함께 바닐라, 구운 사과, 진한 캐러멜 향이 달콤하게 피어오른다.","잘 익은 사과, 배, 버터스카치, 그리고 아메리칸 오크의 크리미한 풍미가 돋보인다.",따뜻하고 달콤한 오크와 바닐라의 여운이 길게 남는다.,,4,1,4,2,3,아메리칸 버본 배럴의 풍부한 바닐라,1,43,ai_estimated
Hakushu (NAS),청사과와 배 같은 싱그러운 과일 향에 은은한 허브와 푸른 잎사귀의 아로마가 감돈다.,"상큼한 시트러스와 함께 부드러운 단맛이 퍼지며, 은은한 스모크와 민트 같은 청량감이 조화를 이룬다.",깔끔하고 시원한 허브 뉘앙스와 함께 상쾌한 여운이 길게 이어진다.,,2,2,4,2,3,숲속의 증류소에서 온 청량한 싱글몰트,5,43,ai_estimated
Kavalan Solist Manzanilla Sherry Single Cask Strength,"짭조름한 바다 내음과 함께 말린 과일, 구운 견과류, 허브의 복합적인 향이 뿜어져 나온다.","강렬한 도수 속에서 느껴지는 묵직한 건과일의 풍미와 독특한 짭조름함, 스파이시함이 매력적이다.",드라이하면서도 깊은 풍미가 길게 남아 여운을 더한다.,,4,1,4,4,5,만자닐라 셰리의 짭조름하고 독창적인 매력,1,58,ai_estimated
Kavalan Solist Amontillado Sherry Single Cask Strength,헤이즐넛과 아몬드 같은 견과류 향에 묵직한 오크 톤과 달콤한 캐러멜 아로마가 어우러진다.,"풍부한 견과류의 고소함과 짙은 셰리 노트가 혀를 감싸며, 묵직하고 복합적인 단맛을 낸다.",길고 드라이한 여운 속에 은은한 스파이스와 고소함이 남는다.,,4,1,4,4,5,견과류와 오크의 깊은 풍미가 빚어낸 예술,1,57,ai_estimated
Kavalan Solist Moscatel Sherry Single Cask Strength,"꿀에 절인 과일, 청포도, 감귤류의 달콤하고 향긋한 향이 폭발적으로 피어오른다.","꿀, 시럽, 열대과일의 농밀한 단맛이 입안 가득 채우며 캐스스크 스트렝스의 강렬함을 선사한다.",달콤함과 은은한 스파이스가 길게 이어지는 여운.,,5,1,5,3,5,달콤한 모스카텔의 화려한 과일 폭탄,1,56,ai_estimated
Kavalan Solist Brandy Cask Single Cask Strength,"잘 익은 포도, 진한 바닐라, 달콤한 시럽과 우디한 향이 조화롭게 다가온다.","브랜디 캐스크 특유의 와인숙성 풍미와 함께 과일 케이크, 버터스카치의 묵직한 단맛이 느껴진다.",따뜻하고 우디한 여운이 부드럽게 감싼다.,,4,1,4,3,5,브랜디 캐스크가 선사하는 묵직한 포도의 감동,1,54,ai_estimated
Kavalan Solist Bourbon Cask Single Cask Strength,"바닐라, 코코넛, 열대과일의 신선하고 직관적인 향이 강렬하게 코를 자극한다.","버렌 캐스크의 특성이 극대화되어 바닐라, 크림, 꿀, 그리고 상큼한 과일 맛이 폭발한다.",깔끔하면서도 달콤한 바닐라 여운이 길게 지속된다.,,4,1,4,3,5,버번 캐스크의 정석을 보여주는 강렬함,1,57,ai_estimated
Kavalan Solist Sherry Cask Single Cask Strength,"진한 건포도, 초콜릿, 견과류, 그리고 스파이시한 오크 향이 묵직하게 다가온다.","입안을 꽉 채우는 건과일의 진한 달콤함과 스파이시함, 그리고 묵직한 바디감이 일품이다.",길고 깊은 여운 속에 쌉싸름한 다크초콜릿과 단맛이 공존한다.,,5,1,5,4,5,"셰리 위스키의 끝판왕, 진한 건과일의 진수",1,58,ai_estimated
Kavalan Solist PX Sherry Single Cask Strength,"당밀, 무화과, 건포도, 진한 캐러멜과 에스프레소의 농축된 아로마.","극도로 달콤하고 묵직한 시럽, 다크 초콜릿, 말린 과일의 풍미가 압도적으로 밀려온다.",매우 길고 진한 달콤함과 은은한 여운이 오랫동안 남는다.,,5,1,5,3,5,PX 셰리가 선사하는 극상의 달콤함,1,56,ai_estimated
Kavalan Solist Colheita Port Cask Single Cask Strength,"붉은 베리류, 체리, 자두의 달콤새콤한 과일 향과 함께 초콜릿 향이 감돈다.","포트와인 캐스크 특유의 진한 베리류 과일 맛과 견과류, 바닐라의 풍미가 복합적으로 어우러진다.",과일의 달콤함과 따뜻한 스파이스가 길게 여운을 남긴다.,,4,1,5,3,5,포트 와인의 풍부한 베리류 풍미,1,57,ai_estimated
Jura The Bay,"메이플 시럽, 배, 그리고 은은한 허브와 바다 소금의 향이 어우러진다.","구운 사과, 감초, 그리고 부드러운 토피의 단맛이 은은한 스파이스와 조화를 이룬다.",따뜻하고 달콤한 여운이 부드럽게 감싼다.,,3,1,3,2,3,달콤함과 부드러움이 조화로운 섬 위스키,1,44,ai_estimated
Jura The Sound,"헤이즐넛, 오렌지 껍질, 그리고 달콤한 바닐라 향이 부드럽게 피어오른다.","잘 익은 과일의 풍미와 함께 버터스카치, 구운 오크의 깊은 맛이 입안을 채운다.",고소하고 달콤한 넛티함이 길게 이어진다.,,3,1,3,2,3,풍부한 과일과 견과류의 밸런스,1,42,ai_estimated
Jura Islander,"꿀, 바닐라, 그리고 상큼한 시트러스 계열의 향이 가볍게 다가온다.",부드러운 맥아의 단맛과 은은한 과일 풍미가 가볍고 마시기 편하게 다가온다.,깔끔하고 산뜻한 여운.,,3,1,3,2,2,가볍고 산뜻하게 즐기는 섬의 맛,1,40,ai_estimated
Teeling Small Batch,"바닐라, 달콤한 럼 캐스크의 뉘앙스, 그리고 말린 과일과 허브 향.","럼 배럴 숙성 특유의 열대 과일 풍미와 바닐라, 크리미한 단맛이 부드럽게 퍼진다.",달콤하고 스파이시한 여운이 깔끔하게 마무리된다.,,4,1,4,3,3,럼 배럴로 완성한 아이리시의 달콤함,1,46,ai_estimated
Teeling Single Grain,"버터, 바닐라, 그리고 붉은 과일의 달콤하고 향긋한 아로마.","옥수수와 곡물에서 오는 부드러운 단맛과 함께 베리류, 오크, 스파이스가 부드럽게 어우러진다.",드라이하면서도 스파이시한 여운이 기분 좋게 남는다.,,3,1,3,3,3,레드 와인 캐스크가 빚어낸 부드러운 싱글 그레인,1,46,ai_estimated
Inchfad,"피트 스모크와 함께 사과, 배, 그리고 흙 내음이 복합적으로 올라온다.",스모키한 피트의 매력 뒤로 맥아의 고소함과 과일의 단맛이 묵직하게 받쳐준다.,스모키함과 스파이스가 길고 강렬한 여운을 남긴다.,,2,4,3,3,4,로크 로몬드의 개성 있는 피티드 싱글몰트,1,46,ai_estimated
Talisker 18 Year Old,"풍부한 과일 향과 함께 탤리스커 특유의 짭조름한 해풍, 은은한 스모크가 조화를 이룹니다.",토피와 감귤류의 달콤함 뒤로 묵직한 피트 연기와 백후추 같은 스파이시함이 감깁니다.,"따뜻하고 스모키하며, 길게 이어지는 스파이시함과 짠맛의 여운이 매력적입니다.",,3,4,3,4,4,바다와 연기가 빚어낸 우아함의 정수,1,45.8,ai_estimated
GlenDronach 200th Anniversary Boynsmill House Edition 14 Year Old,"진한 셰리 와인의 풍미와 함께 건포도, 무화과, 다크 초콜릿의 향이 짙게 피어오릅니다.","풍부한 말린 과일의 달콤함과 오렌지 제스트, 구운 견과류의 복합적인 맛이 입안을 채웁니다.","달콤한 셰리 노트와 은은한 허브, 스파이스가 길고 부드럽게 이어집니다.",,4,1,5,3,4,셰리의 명가가 선보이는 풍성한 기념작,1,46.0,ai_estimated
Lagavulin 12 Year Old Special Release,"강렬한 피트 스모크와 함께 요오드, 갯벌, 레몬 껍질의 상큼함이 폭발적으로 다가옵니다.","기름지고 묵직한 바디감과 함께 달콤한 바닐라, 그리고 짓누르는 듯한 강렬한 스모크와 소금기가 느껴집니다.",입안을 개운하게 만드는 강렬한 스모크와 재의 여운이 길고 드라이하게 남습니다.,,2,5,2,4,5,피트 매니아를 위한 거칠고도 순수한 힘,1,56.5,ai_estimated
Hakkushu 18 Year Old,"신선한 허브와 숲속의 풀잎 향, 청사과, 서양배의 싱그러운 과일 향이 그윽합니다.","꿀의 단맛과 은은한 스모크, 민트 같은 상쾌함과 복합적인 오크향이 우아하게 어우러집니다.",청량한 숲의 향기와 기분 좋은 스모키함이 길고 깨끗하게 여운을 남깁니다.,,3,2,4,3,4,숲속 증류소가 담아낸 청량한 자연의 숨결,3,43.0,ai_estimated
Black Circle MAX,,,,,,,,,,,1,40,curated
Balvenie 1931 Collection 12 Year Old,"따뜻한 비스킷과 꿀, 크리미한 토피 향에 진저와 보리엿 단맛이 감돈다","건포도와 스파이스, 오크가 어우러지며 셰리 캐스크 피니시 특유의 묵직함이 느껴짐",리치하고 부드럽게 마무리,https://www.remedyliquor.com/products/balvenie-scotch-single-malt-limited-1931-collection-home-malt-12yr-700ml,4,0,3,3,3,발베니 창립 부지의 1931년 홈몰트 헤리티지를 기념한 12년 한정판 - 100% 자가제맥아 원액을 유러피안 오크 셰리 캐스크에 피니시,1,47.5,curated
Balvenie DoubleWood 17 Year Old,"아카시아꿀과 풋사과향이 은은하게 열리고, 계피·바닐라·인동덩굴꽃향에 오렌지블라썸이 살짝 스침","말린 과일과 셰벗 스파이스, 구운 아몬드와 시나몬이 크리미한 토피 풍미와 겹겹이 쌓이고 오크와 깊은 바닐라가 뒤따름","길고 여운이 남는 편, 바닐라와 꿀, 오크의 스파이시한 단맛으로 마무리",https://www.masterofmalt.com/whiskies/balvenie/balvenie-17-year-old-doublewood-whisky/,4,1,4,3,4,12년보다 5년 더 숙성된 깊고 진한 셰리향 더블우드,1,43,curated
Glenfiddich 16 Year Old Aston Martin F1 Limited Edition Release 2,"조린 과일향과 화사한 꽃향이 열리고, 마지팬과 광택나는 가죽 향이 은은하게 감돈다","부드럽고 실키한 질감에 크리미한 토피 단맛과 카라멜라이즈드 흑설탕, 드라이한 오크 탄닌이 어우러짐",오크의 달콤함이 길게 이어짐,https://thewhiskeywash.com/whiskey-reviews/review-glenfiddich16-year-old-aston-martin-formula-one-2025/,4,1,3,2,3,애스턴마틴 F1팀과의 두 번째 협업 한정판 - 5가지 캐스크(피노 셰리·포트 파이프 등)에서 숙성,1,43,curated
